snapshot_id,market_date,timestamp_et,market_phase,state,decision,actionable,data_quality_status,oversold_gate,fast_family_count,FAST_BREADTH_TURN,MOMENTUM_TURN,NET_VOLUME_TURN,DOWN_UP_RATIO_RELIEF,context_support_count,MMFD_IMPROVING,NASI_TURNING_UP,VVIX_EASING,SKEW_NARROWING,SPXA20R,NYMO,NAMO,NYUD,NAUD,nyse_down_up_ratio,nasdaq_down_up_ratio,MMFD,NASI_RSI,VVIX,SKEW_LIVE_PROXY,SPY_price,SPY_change_pct,SPY_price_timestamp_et,QQQ_price,QQQ_change_pct,QQQ_price_timestamp_et,VIX_price,VIX_change_pct,MMFD_coverage_pct
2026-09-11T10:33:44.564234-04:00,2026-09-11,2026-09-11T10:33:44.564234-04:00,LIVE_PROVISIONAL,GO_EARLY,GO_EARLY,1,OK,1,2,1,0,1,0,2,0,1,1,0,23.6,-63.58,-50.49,299.884591,927.6090300000001,0.3931012482097995,0.24875066532418194,31.270932487220165,34.12127995233696,94.76000213623047,3.094070011138922,765.0700073242188,0.009553580712172716,2026-09-11T10:30:00-04:00,715.780029296875,0.010004412128072904,2026-09-11T10:30:00-04:00,15.920000076293945,-0.10762332174170008,93.4134694549646
2026-09-11T10:42:14.468321-04:00,2026-09-11,2026-09-11T10:42:14.468321-04:00,LIVE_PROVISIONAL,GO_EARLY,GO_EARLY,1,OK,1,1,0,0,1,0,3,0,1,1,1,23.2,-63.58,-50.49,291.804633,1023.0905,0.47736606421763417,0.2630574317022301,29.84707329934962,34.28926395843257,93.91999816894531,2.641651439666753,764.4598999023438,0.008748509115486858,2026-09-11T10:40:00-04:00,715.0850219726562,0.00902371912856026,2026-09-11T10:40:00-04:00,15.760000228881836,-0.11659192297732845,93.676930676766
2026-09-11T10:59:37.925629-04:00,2026-09-11,2026-09-11T10:59:37.925629-04:00,LIVE_PROVISIONAL,GO_EARLY,GO_EARLY,1,OK,1,1,0,0,1,0,3,1,1,1,0,23.2,-63.58,-50.49,334.63134399999996,1070.0396420000002,0.48157885181229937,0.2728178308143418,30.74772886093641,33.27821209393478,94.70999908447266,2.841348844528202,763.9500122070312,0.00807568317323848,2026-09-11T10:55:00-04:00,714.4550170898438,0.008134748096596978,2026-09-11T10:55:00-04:00,16.1299991607666,-0.09585207271274798,94.2532520994566
2026-09-11T11:07:39.714698-04:00,2026-09-11,2026-09-11T11:07:39.714698-04:00,LIVE_PROVISIONAL,GO_EARLY,GO_EARLY,1,OK,1,2,1,0,1,0,3,1,1,1,0,23.8,-63.58,-50.49,330.072968,1157.609007,0.5283720760417581,0.29652179325742056,30.788005578800558,32.761207942509,94.16000366210938,2.841348844528202,765.1300048828125,0.009632750918209254,2026-09-11T11:05:00-04:00,715.739990234375,0.00994791484101909,2026-09-11T11:05:00-04:00,15.979999542236328,-0.10426012300687948,94.45084801580768
2026-09-11T11:28:54.193945-04:00,2026-09-11,2026-09-11T11:28:54.193945-04:00,LIVE_PROVISIONAL,GO_EARLY,GO_EARLY,1,OK,1,2,1,0,1,0,3,1,1,1,0,24.0,-63.58,-50.49,443.714606,1290.221754,0.48793430303274066,0.3067365122457079,31.74796042353758,32.82655536558731,93.8499984741211,2.841348844528202,765.97998046875,0.010754342260290928,2026-09-11T11:25:00-04:00,717.22998046875,0.012050371809851912,2026-09-11T11:25:00-04:00,16.049999237060547,-0.10033637333056211,94.86250617487238
2026-09-11T11:42:02.923942-04:00,2026-09-11,2026-09-11T11:42:02.923942-04:00,LIVE_PROVISIONAL,GO_EARLY,GO_EARLY,1,OK,1,2,1,0,1,0,3,1,0,1,1,24.8,-63.58,-50.49,434.61818000000005,1396.814453,0.5278509841580719,0.30288711136568197,31.802426343154245,25.36154623921159,93.69999694824219,2.838678583145145,766.0499877929688,0.01084672092389627,2026-09-11T11:40:00-04:00,716.9473266601562,0.011651531967861617,2026-09-11T11:40:00-04:00,15.770000457763672,-0.11603137203583169,95.01070311213569
2026-09-11T11:57:35.011586-04:00,2026-09-11,2026-09-11T11:57:35.011586-04:00,LIVE_PROVISIONAL,GO_EARLY,GO_EARLY,1,OK,1,2,1,0,1,0,4,1,1,1,1,25.0,-63.58,-50.49,490.755755,1537.0503429999999,0.5125367424536085,0.2866656312998426,32.2669894518416,25.481674779694345,93.19000244140625,2.609608303070074,765.7100219726562,0.010398116602813756,2026-09-11T11:55:00-04:00,716.6749877929688,0.011267247067200836,2026-09-11T11:55:00-04:00,15.75,-0.11715247391882522,95.22476535484932
2026-09-11T12:07:03.079930-04:00,2026-09-11,2026-09-11T12:07:03.079930-04:00,LIVE_PROVISIONAL,GO_EARLY,GO_EARLY,1,OK,1,2,1,0,1,0,3,1,0,1,1,26.0,-63.58,-50.49,525.7319229999999,1611.27108,0.50923856309266,0.2906984787583356,32.597447395653674,25.474577975779326,93.11000061035156,2.609608303070074,766.0299072265625,0.010820223469383494,2026-09-11T12:05:00-04:00,717.0999755859375,0.011866927874753852,2026-09-11T12:05:00-04:00,15.720000267028809,-0.11883407328623552,95.47176025028816
2026-09-11T12:21:03.989079-04:00,2026-09-11,2026-09-11T12:21:03.989079-04:00,LIVE_PROVISIONAL,GO_EARLY,GO_EARLY,1,OK,1,1,0,0,1,0,3,1,0,1,1,25.4,-63.58,-50.49,578.6548879999999,1670.8289459999999,0.49600665006748784,0.29704782125351875,32.621426110919735,25.458818362894476,92.04000091552734,2.609608303070074,765.47998046875,0.010094563696860348,2026-09-11T12:20:00-04:00,716.0599975585938,0.010399462517882485,2026-09-11T12:20:00-04:00,15.670000076293945,-0.12163677453663935,95.60349086118887
2026-09-11T12:26:28.995347-04:00,2026-09-11,2026-09-11T12:26:28.995347-04:00,LIVE_PROVISIONAL,GO_EARLY,GO_EARLY,1,OK,1,2,1,0,1,0,4,1,1,1,1,25.2,-63.58,-50.49,480.195792,1706.812653,0.5703227589681766,0.293667309557352,33.040633608815426,25.492453078346117,91.66000366210938,2.609608303070074,765.330078125,0.009896758990831866,2026-09-11T12:25:00-04:00,715.9500122070312,0.010244267226311443,2026-09-11T12:25:00-04:00,15.670000076293945,-0.12163677453663935,95.63642351391405
2026-09-11T12:36:41.761431-04:00,2026-09-11,2026-09-11T12:36:41.761431-04:00,LIVE_PROVISIONAL,GO_EARLY,GO_EARLY,1,OK,1,2,1,0,1,0,3,1,0,1,1,25.4,-63.58,-50.49,486.5262490000001,1625.8442129999999,0.5802233166533375,0.33570872022706044,33.6258819480296,25.41352776220735,91.91999816894531,2.496503660202032,765.3900146484375,0.009975848657493236,2026-09-11T12:35:00-04:00,715.5700073242188,0.00970805974278055,2026-09-11T12:35:00-04:00,15.720000267028809,-0.11883407328623552,95.68582249300181
2026-09-11T12:48:04.190749-04:00,2026-09-11,2026-09-11T12:48:04.190749-04:00,LIVE_PROVISIONAL,GO_EARLY,GO_EARLY,1,OK,1,2,1,0,1,0,3,0,1,1,1,24.8,-63.58,-50.49,524.819936,1675.249025,0.5669795244796809,0.3344432865818997,33.35627042835025,25.446476426506067,92.38999938964844,2.496503660202032,765.5449829101562,0.010180338131681399,2026-09-11T12:45:00-04:00,715.905029296875,0.010180793902289098,2026-09-11T12:45:00-04:00,15.8100004196167,-0.11378922172692452,95.71875514572699
2026-09-11T12:57:20.781414-04:00,2026-09-11,2026-09-11T12:57:20.781414-04:00,LIVE_PROVISIONAL,GO_EARLY,GO_EARLY,1,OK,1,2,1,0,1,0,3,1,1,1,0,25.8,-63.58,-50.49,591.102505,1839.936285,0.5386901967248295,0.3085207085936188,33.44222833562586,25.564751074426553,92.41999816894531,2.632305524826048,765.4420776367188,0.010044548744725379,2026-09-11T12:55:00-04:00,715.8800048828125,0.010145483097880659,2026-09-11T12:55:00-04:00,15.819999694824219,-0.11322872424250785,95.76815412481476
2026-09-11T13:04:49.942137-04:00,2026-09-11,2026-09-11T13:04:49.942137-04:00,LIVE_PROVISIONAL,GO_EARLY,GO_EARLY,1,OK,1,2,1,0,1,0,2,0,0,1,1,26.0,-63.58,-50.49,548.820047,1794.817759,0.5710557285675272,0.32715335011242125,33.23024054982818,25.51342677773556,92.0199966430664,2.622196678161623,765.625,0.010285925252855321,2026-09-11T13:00:00-04:00,716.22998046875,0.010639317616121025,2026-09-11T13:00:00-04:00,15.760000228881836,-0.11659192297732845,95.8340194302651
2026-09-11T13:09:20.447040-04:00,2026-09-11,2026-09-11T13:09:20.447040-04:00,LIVE_PROVISIONAL,GO_EARLY,GO_EARLY,1,OK,1,2,1,0,1,0,3,1,0,1,1,25.8,-63.58,-50.49,606.9014460000001,1784.8688070000003,0.5464123930206667,0.3356210084626348,33.258890225047246,25.50348563493769,92.04000091552734,2.6191449508667017,765.6799926757812,0.01035849123010757,2026-09-11T13:05:00-04:00,716.3699951171875,0.010836885872982593,2026-09-11T13:05:00-04:00,15.770000457763672,-0.11603137203583169,95.8504857566277
2026-09-11T13:19:37.763042-04:00,2026-09-11,2026-09-11T13:19:37.763042-04:00,LIVE_PROVISIONAL,GO_EARLY,GO_EARLY,1,OK,1,2,1,0,1,0,3,1,0,1,1,26.0,-63.58,-50.49,617.9376730000001,1843.01635,0.5487104922670742,0.32883332536911125,33.63651964990561,25.44299473660506,91.70999908447266,2.547238626480107,765.7899780273438,0.010503623184612287,2026-09-11T13:15:00-04:00,716.5704956054688,0.01111980292781678,2026-09-11T13:15:00-04:00,15.6899995803833,-0.12051572611072592,95.94928371480323
2026-09-11T13:31:48.659326-04:00,2026-09-11,2026-09-11T13:31:48.659326-04:00,LIVE_PROVISIONAL,GO_EARLY,GO_EARLY,1,OK,1,2,1,0,1,0,3,1,1,1,0,26.4,-63.58,-50.49,712.5609840000001,2037.901986,0.5089319358922085,0.2988033215181183,34.133790737564325,25.493098094974826,91.8499984741211,2.547238626480107,766.1300048828125,0.010952308045070192,2026-09-11T13:30:00-04:00,716.864990234375,0.011535350808966172,2026-09-11T13:30:00-04:00,15.710000038146973,-0.11939462422773228,95.99868269389098
2026-09-11T13:39:02.535637-04:00,2026-09-11,2026-09-11T13:39:02.535637-04:00,LIVE_PROVISIONAL,GO_EARLY,GO_EARLY,1,OK,1,2,1,0,1,0,1,0,0,1,0,25.6,-63.58,-50.49,751.759662,1990.0228070000003,0.4976904736249895,0.3160429763835302,33.7962962962963,25.464598759122126,91.77999877929688,2.547238626480107,765.8900146484375,0.010635627220923594,2026-09-11T13:35:00-04:00,716.7899780273438,0.011429504519653744,2026-09-11T13:35:00-04:00,15.640000343322754,-0.12331837390404965,96.03161534661618
2026-09-11T13:44:12.431166-04:00,2026-09-11,2026-09-11T13:44:12.431166-04:00,LIVE_PROVISIONAL,GO_EARLY,GO_EARLY,1,OK,1,2,1,0,1,0,2,0,0,1,1,25.8,-63.58,-50.49,795.1880380000001,2094.121455,0.48416779196800996,0.29972122632730164,33.48757497857755,25.434589409325497,91.75,2.529691194534309,765.8699951171875,0.01060921030578621,2026-09-11T13:40:00-04:00,716.768310546875,0.011398930530470697,2026-09-11T13:40:00-04:00,15.670000076293945,-0.12163677453663935,96.08101432570393
2026-09-11T13:51:31.460938-04:00,2026-09-11,2026-09-11T13:51:31.460938-04:00,LIVE_PROVISIONAL,GO_EARLY,GO_EARLY,1,OK,1,2,1,0,1,0,2,0,1,1,0,26.8,-63.58,-50.49,823.266704,2135.504067,0.4760488811088113,0.2992947406300667,33.11065433367592,25.48877348073073,91.4800033569336,2.529691194534309,765.8499755859375,0.010582793390648826,2026-09-11T13:50:00-04:00,716.7999877929688,0.011443628841417253,2026-09-11T13:50:00-04:00,15.640000343322754,-0.12331837390404965,96.1304133047917
2026-09-11T13:55:13.523711-04:00,2026-09-11,2026-09-11T13:55:13.523711-04:00,LIVE_PROVISIONAL,GO_EARLY,GO_EARLY,1,OK,1,2,1,0,1,0,2,1,0,1,0,26.2,-63.58,-50.49,736.340158,2166.807439,0.5265327966782144,0.30182352175964744,33.29909262112652,25.413497392651195,91.41000366210938,2.529691194534309,765.8400268554688,0.010569665472455636,2026-09-11T13:55:00-04:00,716.780029296875,0.011415466321803569,2026-09-11T13:55:00-04:00,15.640000343322754,-0.12331837390404965,96.17981228387946
2026-09-11T14:02:28.202000-04:00,2026-09-11,2026-09-11T14:02:28.202000-04:00,LIVE_PROVISIONAL,GO_EARLY,GO_EARLY,1,OK,1,2,1,0,1,0,1,0,0,1,0,26.2,-63.58,-50.49,729.006608,2141.999842,0.5316644135913967,0.30969145993966235,33.04809173369844,25.38154094582751,91.38999938964844,2.545140563964844,765.9400024414062,0.010701588969391551,2026-09-11T14:00:00-04:00,716.6799926757812,0.01127430922808248,2026-09-11T14:00:00-04:00,15.6899995803833,-0.12051572611072592,96.21274493660465
2026-09-11T14:10:22.534111-04:00,2026-09-11,2026-09-11T14:10:22.534111-04:00,LIVE_PROVISIONAL,GO_EARLY,GO_EARLY,1,OK,1,2,1,0,1,0,2,1,0,1,0,26.4,-63.58,-50.49,707.4992880000001,2197.0679379999997,0.5517173172761148,0.30626270358851804,33.25919589392643,25.318324163531187,91.33999633789062,2.556966007232664,765.6434936523438,0.010310328683607262,2026-09-11T14:10:00-04:00,716.260009765625,0.01068169058141133,2026-09-11T14:10:00-04:00,15.630000114440918,-0.12387892484554641,96.24567758932983
2026-09-11T14:16:38.318218-04:00,2026-09-11,2026-09-11T14:16:38.318218-04:00,LIVE_PROVISIONAL,GO_EARLY,GO_EARLY,1,OK,1,2,1,0,1,0,1,0,0,1,0,25.8,-63.58,-50.49,740.333249,2193.9552299999996,0.5441887994917013,0.3132645830606936,33.1965110312981,25.31512035780503,91.36000061035156,2.616283956527715,765.5728759765625,0.010217144626247787,2026-09-11T14:15:00-04:00,716.1400146484375,0.010512370968076779,2026-09-11T14:15:00-04:00,15.619999885559082,-0.12443947578704329,96.278610242055
2026-09-11T14:30:01.266717-04:00,2026-09-11,2026-09-11T14:30:01.266717-04:00,LIVE_PROVISIONAL,GO_EARLY,GO_EARLY,1,OK,1,2,1,0,1,0,2,0,1,1,0,25.6,-63.58,-50.49,736.161252,2076.385451,0.5590933880157541,0.352225449522702,32.47863247863248,25.34283801265373,91.33000183105469,2.616283956527715,765.4199829101562,0.01001539349082381,2026-09-11T14:30:00-04:00,716.2999267578125,0.010738015620638697,2026-09-11T14:30:00-04:00,15.619999885559082,-0.12443947578704329,96.32800922114276
2026-09-11T14:43:46.564448-04:00,2026-09-11,2026-09-11T14:43:46.564448-04:00,LIVE_PROVISIONAL,GO_EARLY,GO_EARLY,1,OK,1,2,1,0,1,0,2,0,0,1,1,25.2,-63.58,-50.49,732.2304399999999,2027.480831,0.571135423207557,0.3690623321115201,32.01844262295082,25.28805027694372,91.80999755859375,2.5718431777954103,765.14501953125,0.009652563604562348,2026-09-11T14:40:00-04:00,716.1599731445312,0.010540533487690462,2026-09-11T14:40:00-04:00,15.670000076293945,-0.12163677453663935,96.4268071793183
2026-09-11T14:51:21.767911-04:00,2026-09-11,2026-09-11T14:51:21.767911-04:00,LIVE_PROVISIONAL,GO_EARLY,GO_EARLY,1,OK,1,2,1,0,1,0,3,1,1,1,0,24.4,-63.58,-50.49,627.802706,2197.164844,0.6265320045630145,0.3457033105391345,32.217858972170056,25.297139130913664,91.87000274658203,2.5718431777954103,765.1597900390625,0.009672054133413654,2026-09-11T14:50:00-04:00,716.0700073242188,0.010413586839645994,2026-09-11T14:50:00-04:00,15.649999618530273,-0.12275787641963298,96.44327350568088
2026-09-11T15:02:08.542177-04:00,2026-09-11,2026-09-11T15:02:08.542177-04:00,LIVE_PROVISIONAL,GO_EARLY,GO_EARLY,1,OK,1,2,1,0,1,0,3,1,0,1,1,25.2,-63.58,-50.49,472.6132560000001,2027.7956030000003,0.7113204209972677,0.38706648321825166,32.42874210616146,25.245866572851654,91.86000061035156,2.382445352554324,765.0899047851562,0.009579836548559095,2026-09-11T15:00:00-04:00,715.9000244140625,0.010173731741407455,2026-09-11T15:00:00-04:00,15.779999732971191,-0.11547087455141491,96.47620615840606
2026-09-11T15:07:40.966264-04:00,2026-09-11,2026-09-11T15:07:40.966264-04:00,LIVE_PROVISIONAL,GO_EARLY,GO_EARLY,1,OK,1,2,1,0,1,0,2,0,0,1,1,24.8,-63.58,-50.49,501.3717159999999,2009.986354,0.7020936763023689,0.3950035868268548,32.09349940283228,25.22584644142266,91.9000015258789,2.382445352554324,764.9299926757812,0.009368823384962033,2026-09-11T15:05:00-04:00,715.760009765625,0.009976163484545886,2026-09-11T15:05:00-04:00,15.789999961853027,-0.11491032360991815,96.50913881113124
2026-09-11T15:13:32.101609-04:00,2026-09-11,2026-09-11T15:13:32.101609-04:00,LIVE_PROVISIONAL,GO_EARLY,GO_EARLY,1,OK,1,2,1,0,1,0,2,0,0,1,1,24.6,-63.58,-50.49,576.98425,2029.2338429999998,0.6676918510837514,0.3962248260423142,31.792597646256183,25.209250183717543,91.91000366210938,2.382445352554324,764.75,0.009131312766852195,2026-09-11T15:10:00-04:00,715.5499877929688,0.009679811099253754,2026-09-11T15:10:00-04:00,15.8100004196167,-0.11378922172692452,96.54207146385642
2026-09-11T15:24:08.072428-04:00,2026-09-11,2026-09-11T15:24:08.072428-04:00,LIVE_PROVISIONAL,GO_EARLY,GO_EARLY,1,OK,1,2,1,0,1,0,2,0,0,1,1,25.0,-63.58,-50.49,477.28659200000016,2071.8636500000002,0.7241710072907643,0.39439444723221095,31.66865519004602,25.118266661125844,91.9000015258789,2.382445352554324,765.1599731445312,0.009672295751539828,2026-09-11T15:20:00-04:00,715.7523803710938,0.009965397995397085,2026-09-11T15:20:00-04:00,15.869999885559082,-0.11042602299210391,96.60793676930678
2026-09-11T15:32:19.048185-04:00,2026-09-11,2026-09-11T15:32:19.048185-04:00,LIVE_PROVISIONAL,GO_EARLY,GO_EARLY,1,OK,1,2,1,0,1,0,1,0,0,1,0,25.2,-63.58,-50.49,503.78714000000014,2207.698782,0.7149190142647205,0.3746115323681688,31.49821032895858,25.068740101537543,91.86000061035156,2.552579149246223,764.9749755859375,0.0094281809046457,2026-09-11T15:30:00-04:00,715.6099853515625,0.00976447090592103,2026-09-11T15:30:00-04:00,15.850000381469727,-0.11154707141801745,96.60793676930678
2026-09-11T15:41:02.176745-04:00,2026-09-11,2026-09-11T15:41:02.176745-04:00,LIVE_PROVISIONAL,GO_EARLY,GO_EARLY,1,OK,1,2,1,0,1,0,3,1,0,1,1,25.8,-63.58,-50.49,556.4652140000001,2284.1824690000003,0.6959986682849464,0.3651771680044575,31.851473343553057,25.064187053144124,91.4800033569336,2.516339887619025,764.9500122070312,0.009395240300099417,2026-09-11T15:40:00-04:00,715.739990234375,0.00994791484101909,2026-09-11T15:40:00-04:00,15.859999656677246,-0.11098657393360079,96.67380207475712
2026-09-11T15:48:14.362565-04:00,2026-09-11,2026-09-11T15:48:14.362565-04:00,LIVE_PROVISIONAL,GO_EARLY,GO_EARLY,1,OK,1,2,1,0,1,0,3,0,1,1,1,25.6,-63.58,-50.49,666.3811539999999,2216.137114,0.6541270361718612,0.3821024491444304,31.835205992509362,25.069595553685062,91.44999694824219,2.435659847259522,764.8400268554688,0.009250108345594699,2026-09-11T15:45:00-04:00,715.7000122070312,0.00989150367787861,2026-09-11T15:45:00-04:00,15.84000015258789,-0.11210762235951421,96.72320105384489
2026-09-11T15:53:37.107961-04:00,2026-09-11,2026-09-11T15:53:37.107961-04:00,LIVE_PROVISIONAL,GO_EARLY,GO_EARLY,1,OK,1,2,1,0,1,0,1,0,0,1,0,25.8,-63.58,-50.49,610.7779659999999,2167.797891,0.6849448938321006,0.4056288675704906,31.71063829787234,25.02828433158085,91.45999908447266,2.4890650749206573,764.489990234375,0.008788215027568214,2026-09-11T15:50:00-04:00,715.4500122070312,0.009538740129446,2026-09-11T15:50:00-04:00,15.890000343322754,-0.10930492110911039,96.73966738020748
2026-09-11T15:58:44.943265-04:00,2026-09-11,2026-09-11T15:58:44.943265-04:00,LIVE_PROVISIONAL,GO_EARLY,GO_EARLY,1,OK,1,2,1,0,1,0,3,0,1,1,1,25.2,-63.58,-50.49,671.441345,2316.832958,0.6644432942642474,0.37937336640270447,31.604014288144242,25.038598915081465,91.31999969482422,2.425741733551029,764.6500244140625,0.00899938926991628,2026-09-11T15:55:00-04:00,715.3400268554688,0.009383544837874735,2026-09-11T15:55:00-04:00,15.829999923706055,-0.11266817330101109,96.80553268565782
2026-09-11T16:04:37.774745-04:00,2026-09-11,2026-09-11T16:04:37.774745-04:00,CLOSE_SETTLING,GO_EARLY,GO_EARLY,1,OK,1,2,1,0,1,0,2,0,1,1,0,25.4,-63.58,-50.49,810.5631510000001,2278.489172,0.6168706939355217,0.39588938718012606,31.45284621920136,25.047110586682493,90.83999633789062,2.4467223587036138,764.1950073242188,0.008398968226169368,2026-09-11T15:55:00-04:00,714.8499755859375,0.008692055938859689,2026-09-11T15:55:00-04:00,15.859999656677246,-0.11098657393360079,96.90433064383336
2026-09-11T16:09:54.116888-04:00,2026-09-11,2026-09-11T16:09:54.116888-04:00,CLOSE_SETTLING,GO_EARLY,GO_EARLY,1,OK,1,2,1,0,1,0,1,0,0,1,0,25.6,-63.58,-50.49,668.687492,2228.7724989999997,0.6796471638863117,0.4081745814396049,31.345565749235472,25.022507763587114,91.20999908447266,2.9046721858978275,764.1950073242188,0.008398968226169368,2026-09-11T15:55:00-04:00,714.8499755859375,0.008692055938859689,2026-09-11T15:55:00-04:00,15.8100004196167,-0.11378922172692452,96.92079697019594
2026-09-11T16:20:32.162095-04:00,2026-09-11,2026-09-11T16:20:32.162095-04:00,MARKET_CLOSED_FINAL,GO_EARLY,GO_EARLY,1,OK,1,2,1,0,1,0,2,1,0,1,0,25.6,-63.58,-50.49,679.701272,2194.727265,0.6897319273714169,0.4314940831096689,31.41450161317711,24.926542160731216,91.26000213623047,2.9046721858978275,764.1799926757812,0.008379155539816274,2026-09-11T15:55:00-04:00,714.8499755859375,0.008692055938859689,2026-09-11T15:55:00-04:00,15.869999885559082,-0.11042602299210391,96.9701959492837
2026-09-11T16:29:07.558680-04:00,2026-09-11,2026-09-11T16:29:07.558680-04:00,MARKET_CLOSED_FINAL,GO_EARLY,GO_EARLY,1,OK,1,2,1,0,1,0,2,0,1,1,0,25.6,-63.58,-50.49,824.0660850000002,2347.454627,0.6506993193116936,0.41947960054496386,31.294597349643222,25.00702989013486,91.26000213623047,2.9046721858978275,764.1799926757812,0.008379155539816274,2026-09-11T15:55:00-04:00,714.8499755859375,0.008692055938859689,2026-09-11T15:55:00-04:00,15.850000381469727,-0.11154707141801745,96.92079697019594
2026-09-11T16:41:39.667598-04:00,2026-09-11,2026-09-11T16:41:39.667598-04:00,MARKET_CLOSED_FINAL,GO_EARLY,GO_EARLY,1,OK,1,2,1,0,1,0,2,0,0,1,1,25.6,-63.58,-50.49,824.0660850000002,2347.454627,0.6506993104365599,0.4194795990926544,31.294597349643222,25.00702989013486,91.26000213623047,2.7715405826568644,764.1799926757812,0.008379155539816274,2026-09-11T15:55:00-04:00,714.8499755859375,0.008692055938859689,2026-09-11T15:55:00-04:00,15.84000015258789,-0.11210762235951421,96.92079697019594
2026-09-14T09:43:30.624693-04:00,2026-09-14,2026-09-14T09:43:30.624693-04:00,LIVE_PROVISIONAL,GO_EARLY,GO_EARLY,0,DEGRADED,1,3,1,1,1,0,0,0,0,0,0,26.8,-43.25,-34.82,1044.8771,2503.2015,0.6355846977932075,0.4463260887000469,40.61092617975328,24.77665338037744,98.7,,759.25,-0.006594326986142263,2026-09-14T09:40:00-04:00,704.1090087890625,-0.015066858801730865,2026-09-14T09:40:00-04:00,17.649999618530273,0.11426764195116945,84.0935287337395
2026-09-14T09:53:40.159787-04:00,2026-09-14,2026-09-14T09:53:40.159787-04:00,LIVE_PROVISIONAL,GO_EARLY,GO_EARLY,0,DEGRADED,1,3,1,1,1,0,1,0,0,1,0,27.6,-43.25,-34.82,-18.678015000000002,220.93679500000002,1.2197404532979088,0.5610826221244927,40.39152298850575,23.51692953042786,98.48999786376953,,760.4000244140625,-0.005089630539603984,2026-09-14T09:50:00-04:00,705.9199829101562,-0.012533602718577952,2026-09-14T09:50:00-04:00,17.690000534057617,0.11679295225053887,91.6845051868928
2026-09-14T10:07:10.828299-04:00,2026-09-14,2026-09-14T10:07:10.828299-04:00,LIVE_PROVISIONAL,GO_EARLY,GO_EARLY,1,OK,1,3,1,1,1,0,2,0,1,1,0,27.8,-43.25,-34.82,-45.563264000000004,173.84139699999992,1.2578020819116147,0.7542744290285227,40.37201062887511,23.55574082126796,96.97000122070312,3.416027240753176,760.7550048828125,-0.0046251727042857516,2026-09-14T10:05:00-04:00,707.1300048828125,-0.01084098023034008,2026-09-14T10:05:00-04:00,17.31999969482422,0.09343431363506216,92.95241231681212
2026-09-14T10:23:46.966668-04:00,2026-09-14,2026-09-14T10:23:46.966668-04:00,LIVE_PROVISIONAL,GO_EARLY,GO_EARLY,1,OK,1,3,1,1,1,0,2,0,1,1,0,27.2,-43.25,-34.82,-24.07782499999996,197.426735,1.086548766055015,0.7784716320788659,38.819603021254174,23.744760845435053,95.93000030517578,3.416027240753176,759.22998046875,-0.006620520619220693,2026-09-14T10:20:00-04:00,706.1099853515625,-0.012267820433287446,2026-09-14T10:20:00-04:00,17.18000030517578,0.08459596841411421,93.74279598221636
2026-09-14T10:39:59.839931-04:00,2026-09-14,2026-09-14T10:39:59.839931-04:00,LIVE_PROVISIONAL,GO_EARLY,GO_EARLY,1,OK,1,3,1,1,1,0,1,0,0,1,0,25.0,-43.25,-34.82,-44.96284800000001,258.83203400000014,1.1282773123222014,0.755250926101261,37.32541899441341,23.72712666087996,95.68000030517578,3.5491588439941406,758.4650268554688,-0.007621388922185557,2026-09-14T10:35:00-04:00,704.9000244140625,-0.013960357543341795,2026-09-14T10:40:00-04:00,17.559999465942383,0.10858581419101077,94.31911740490696
2026-09-14T10:52:46.646724-04:00,2026-09-14,2026-09-14T10:52:46.646724-04:00,LIVE_PROVISIONAL,GO_EARLY,GO_EARLY,1,OK,1,3,1,1,1,0,1,0,0,0,1,24.4,-43.25,-34.82,-101.37326099999996,204.43329600000004,1.2561368796124441,0.8231773726568153,37.25660639777469,23.42257973327598,96.26000213623047,3.491748224258423,758.280029296875,-0.00786344045224907,2026-09-14T10:50:00-04:00,705.239990234375,-0.013484801061148355,2026-09-14T10:50:00-04:00,17.559999465942383,0.10858581419101077,94.71430923760909
2026-09-14T11:05:22.581855-04:00,2026-09-14,2026-09-14T11:05:22.581855-04:00,LIVE_PROVISIONAL,GO_EARLY,GO_EARLY,1,OK,1,3,1,1,1,0,1,0,0,0,1,24.0,-43.25,-34.82,-127.93870400000003,131.62018599999988,1.3022639189686156,0.8901307746282143,37.12699514226232,23.37023252695623,96.2699966430664,3.395046615600587,758.3001098632812,-0.00783716696053316,2026-09-14T11:05:00-04:00,705.4600219726562,-0.01317701270956717,2026-09-14T11:05:00-04:00,17.5,0.10479796915537931,94.91190515396015
2026-09-14T11:14:51.610456-04:00,2026-09-14,2026-09-14T11:14:51.610456-04:00,LIVE_PROVISIONAL,GO_EARLY,GO_EARLY,1,OK,1,3,1,1,1,0,2,1,1,0,0,25.0,-43.25,-34.82,-106.45732100000004,124.75830199999996,1.2132072194446128,0.901801716968556,38.08864265927978,23.375541963217813,96.38999938964844,3.5968420829772976,758.7100219726562,-0.007300836351524009,2026-09-14T11:10:00-04:00,706.489990234375,-0.011736255862706435,2026-09-14T11:10:00-04:00,17.510000228881836,0.10542929673022172,95.10950107031121
2026-09-14T11:29:09.686331-04:00,2026-09-14,2026-09-14T11:29:09.686331-04:00,LIVE_PROVISIONAL,GO_EARLY,GO_EARLY,1,OK,1,3,1,1,1,0,2,0,1,1,0,22.8,-43.25,-34.82,-105.32695799999999,181.182955,1.1777589983155696,0.8724860749013504,36.910316226023845,23.417646443490668,95.87999725341797,3.5968420829772976,759.7050170898438,-0.005998980844069024,2026-09-14T11:25:00-04:00,707.610107421875,-0.01016939543879003,2026-09-14T11:25:00-04:00,17.3700008392334,0.09659095150927377,95.2906306602997
2026-09-14T11:42:06.384942-04:00,2026-09-14,2026-09-14T11:42:06.384942-04:00,LIVE_PROVISIONAL,GO_EARLY,GO_EARLY,1,OK,1,3,1,1,1,0,1,1,0,0,0,23.8,-43.25,-34.82,-200.714242,164.2603140000001,1.3335738284825118,0.8907396795280531,39.05764584052468,23.27846719986843,95.94000244140625,3.5968420829772976,761.7100219726562,-0.003375624604350369,2026-09-14T11:40:00-04:00,710.2150268554688,-0.006525539944439274,2026-09-14T11:40:00-04:00,17.18000030517578,0.08459596841411421,95.40589494483781
2026-09-14T11:56:04.364025-04:00,2026-09-14,2026-09-14T11:56:04.364025-04:00,LIVE_PROVISIONAL,GO_EARLY,GO_EARLY,1,OK,1,3,1,1,1,0,4,1,1,1,1,24.8,-43.25,-34.82,-171.38763600000004,269.4751939999999,1.251056909381983,0.8359823299568291,41.85044796691937,23.46517060582279,94.80000305175781,2.8995223960876477,761.72998046875,-0.003349510829909308,2026-09-14T11:55:00-04:00,709.8250122070312,-0.007071106537117178,2026-09-14T11:55:00-04:00,16.860000610351562,0.06439396767284933,95.5705582084637
2026-09-14T12:00:23.360923-04:00,2026-09-14,2026-09-14T12:00:23.360923-04:00,LIVE_PROVISIONAL,GO_EARLY,GO_EARLY,1,OK,1,3,1,1,1,0,3,1,1,1,0,26.0,-43.25,-34.82,-121.08999600000004,348.1208529999999,1.1624975234358066,0.7989947509154104,41.993801652892564,23.700591195528048,94.55999755859375,3.1669300003051792,761.8800048828125,-0.0031532182990956503,2026-09-14T12:00:00-04:00,709.8200073242188,-0.007078107548165624,2026-09-14T12:00:00-04:00,16.739999771118164,0.05681815718816363,95.63642351391405
2026-09-14T12:22:54.995006-04:00,2026-09-14,2026-09-14T12:22:54.995006-04:00,LIVE_PROVISIONAL,GO_EARLY,GO_EARLY,1,OK,1,4,1,1,1,1,3,1,1,0,1,25.6,-43.25,-34.82,11.606307000000015,444.46847,0.9870357384897789,0.7620667014599717,43.817712811693895,24.010642935686747,94.81999969482422,2.850885492324831,762.0700073242188,-0.002904618360762501,2026-09-14T12:20:00-04:00,710.510009765625,-0.006112907183498328,2026-09-14T12:20:00-04:00,16.84000015258789,0.0631313125231645,95.75168779845217
2026-09-14T12:34:42.421767-04:00,2026-09-14,2026-09-14T12:34:42.421767-04:00,LIVE_PROVISIONAL,GO_EARLY,GO_EARLY,1,OK,1,4,1,1,1,1,2,0,1,1,0,26.4,-43.25,-34.82,-2.2337740000000395,363.85925700000007,1.002380409138185,0.813242806076104,43.524562006183444,24.02242264993754,94.7300033569336,3.137175659179686,762.030029296875,-0.0029569257682819927,2026-09-14T12:30:00-04:00,710.25,-0.006476618245283672,2026-09-14T12:30:00-04:00,16.700000762939453,0.05429296730221678,95.86695208299028
2026-09-14T12:50:04.198723-04:00,2026-09-14,2026-09-14T12:50:04.198723-04:00,LIVE_PROVISIONAL,GO_EARLY,GO_EARLY,1,OK,1,4,1,1,1,1,3,1,1,1,0,26.6,-43.25,-34.82,83.50999100000001,582.4420459999997,0.9180440005546786,0.7262159614062508,43.708154506437765,24.17876385479323,94.51000213623047,3.137175659179686,763.2000122070312,-0.0014261155473027642,2026-09-14T12:50:00-04:00,711.9099731445312,-0.004154587788153474,2026-09-14T12:50:00-04:00,16.760000228881836,0.05808081233784823,95.91635106207805
2026-09-14T13:02:09.479233-04:00,2026-09-14,2026-09-14T13:02:09.479233-04:00,LIVE_PROVISIONAL,GO_EARLY,GO_EARLY,1,OK,1,4,1,1,1,1,1,1,0,0,0,27.2,-43.25,-34.82,-11.510130000000004,510.40717300000006,1.0113776805547228,0.7634560712112979,44.62356371119876,24.119055721093986,94.7300033569336,3.596651350021364,762.719970703125,-0.002054203730724069,2026-09-14T13:00:00-04:00,711.6900024414062,-0.004462290761551246,2026-09-14T13:00:00-04:00,16.739999771118164,0.05681815718816363,96.01514902025357
2026-09-14T13:10:34.075779-04:00,2026-09-14,2026-09-14T13:10:34.075779-04:00,LIVE_PROVISIONAL,GO_EARLY,GO_EARLY,1,OK,1,4,1,1,1,1,3,0,1,1,1,26.8,-43.25,-34.82,2.5556369999999333,554.8335030000001,0.9975534336063716,0.7416292920197668,43.46634697722213,24.162187891631078,94.0,2.939576316833492,762.47998046875,-0.00236820789311587,2026-09-14T13:10:00-04:00,711.7000122070312,-0.0044482887394543535,2026-09-14T13:10:00-04:00,16.649999618530273,0.051136329428004945,96.14687963115429
2026-09-14T13:15:17.994427-04:00,2026-09-14,2026-09-14T13:15:17.994427-04:00,LIVE_PROVISIONAL,GO_EARLY,GO_EARLY,1,OK,1,4,1,1,1,1,1,0,1,0,0,26.2,-43.25,-34.82,77.41035199999988,780.260313,0.9318319400940722,0.6729742592755313,42.75932899691886,24.379642992080292,94.01000213623047,3.2500895690917964,762.1799926757812,-0.0027607130961058157,2026-09-14T13:15:00-04:00,711.7849731445312,-0.0043294423079977,2026-09-14T13:15:00-04:00,16.65999984741211,0.051767657002847356,96.19627861024206
2026-09-14T13:26:37.227137-04:00,2026-09-14,2026-09-14T13:26:37.227137-04:00,LIVE_PROVISIONAL,GO_EARLY,GO_EARLY,1,OK,1,4,1,1,1,1,1,0,0,0,1,25.6,-43.25,-34.82,-11.178294999999935,272.024046,1.010042378301987,0.8745447560160549,42.32414855382509,24.303490352160935,94.58000183105469,3.179709108352666,762.2999877929688,-0.0026037110149098597,2026-09-14T13:25:00-04:00,711.969970703125,-0.00407066103375564,2026-09-14T13:25:00-04:00,16.719999313354492,0.05555550203847881,96.21274493660465
2026-09-14T13:32:38.158201-04:00,2026-09-14,2026-09-14T13:32:38.158201-04:00,LIVE_PROVISIONAL,GO_EARLY,GO_EARLY,1,OK,1,4,1,1,1,1,1,1,0,0,0,25.0,-43.25,-34.82,-99.00451500000008,210.25823800000012,1.0904513934286997,0.9032791294041091,42.339261285909714,24.266159196769863,94.66000366210938,3.179709108352666,762.7999877929688,-0.0019495090570476048,2026-09-14T13:30:00-04:00,712.4299926757812,-0.0034271656645828985,2026-09-14T13:30:00-04:00,16.790000915527344,0.05997479506237546,96.29507656841758
2026-09-14T13:41:12.566099-04:00,2026-09-14,2026-09-14T13:41:12.566099-04:00,LIVE_PROVISIONAL,GO_EARLY,GO_EARLY,1,OK,1,4,1,1,1,1,1,0,0,0,1,25.8,-43.25,-34.82,-127.64290299999993,535.8551020000002,1.1147458971020043,0.7727626683822454,42.03691045796309,24.145681284785255,94.7699966430664,3.138129323959353,762.72998046875,-0.002041106914184798,2026-09-14T13:40:00-04:00,712.3900146484375,-0.003483088374787058,2026-09-14T13:40:00-04:00,16.790000915527344,0.05997479506237546,96.36094187386794
2026-09-14T13:50:57.781001-04:00,2026-09-14,2026-09-14T13:50:57.781001-04:00,LIVE_PROVISIONAL,GO_EARLY,GO_EARLY,1,OK,1,4,1,1,1,1,2,0,1,1,0,24.8,-43.25,-34.82,-171.81360799999993,540.5100529999997,1.1526780400611636,0.7772969060299882,41.37931034482759,24.15173672730664,94.30000305175781,3.138129323959353,762.5750122070312,-0.0022438679946306106,2026-09-14T13:50:00-04:00,712.5499877929688,-0.0032593121557872307,2026-09-14T13:50:00-04:00,16.729999542236328,0.05618682961332122,96.45973983204347
2026-09-14T14:01:01.622682-04:00,2026-09-14,2026-09-14T14:01:01.622682-04:00,LIVE_PROVISIONAL,GO_EARLY,GO_EARLY,1,OK,1,4,1,1,1,1,1,0,0,1,0,25.4,-43.25,-34.82,-200.28185000000008,538.6926940000001,1.1737015043732206,0.783819273244788,41.29692832764505,24.099446911589723,94.2699966430664,3.138129323959353,762.4650268554688,-0.0023877732592872958,2026-09-14T14:00:00-04:00,712.510009765625,-0.003315234865991279,2026-09-14T14:00:00-04:00,16.719999313354492,0.05555550203847881,96.49267248476865
2026-09-14T14:06:00.666234-04:00,2026-09-14,2026-09-14T14:06:00.666234-04:00,LIVE_PROVISIONAL,GO_EARLY,GO_EARLY,0,DEGRADED,1,4,1,1,1,1,0,0,0,0,0,24.8,-43.25,-34.82,-233.57267300000012,532.6521460000001,1.203482009603661,0.7861774961766038,41.136482482133516,24.031087405533142,94.30000305175781,,,,,712.280029296875,-0.003636939861485833,2026-09-14T14:05:00-04:00,16.709999084472656,0.0549241744636364,94.46731434217025
2026-09-14T14:13:10.225565-04:00,2026-09-14,2026-09-14T14:13:10.225565-04:00,LIVE_PROVISIONAL,GO_EARLY,GO_EARLY,1,OK,1,4,1,1,1,1,1,0,0,1,0,24.4,-43.25,-34.82,-220.30265399999985,494.29545600000006,1.1835802453442839,0.8053708746964747,40.752724795640326,23.994023116567647,94.25,3.198782403945924,762.25,-0.0026691152389686224,2026-09-14T14:10:00-04:00,712.3599853515625,-0.0035250944410777363,2026-09-14T14:10:00-04:00,16.68000030517578,0.053030312152531955,96.69026840111971
2026-09-14T14:29:42.758128-04:00,2026-09-14,2026-09-14T14:29:42.758128-04:00,LIVE_PROVISIONAL,GO_EARLY,GO_EARLY,1,OK,1,4,1,1,1,1,1,0,1,0,0,25.2,-43.25,-34.82,-242.82124,541.1107899999997,1.1955905871438504,0.795540296592045,40.706761807679236,23.99934722277132,94.3499984741211,3.198782403945924,761.9400024414062,-0.003074717258497728,2026-09-14T14:25:00-04:00,711.9400024414062,-0.004112581721862796,2026-09-14T14:25:00-04:00,16.729999542236328,0.05618682961332122,96.92079697019594
2026-09-14T14:42:56.739736-04:00,2026-09-14,2026-09-14T14:42:56.739736-04:00,LIVE_PROVISIONAL,GO_EARLY,GO_EARLY,1,OK,1,4,1,1,1,1,1,1,0,0,0,25.8,-43.25,-34.82,-292.5991099999999,496.9615570000001,1.2315621525676717,0.8159853343585098,41.266338482430825,23.988309486662644,94.4800033569336,3.198782403945924,762.4199829101562,-0.0024467089337139036,2026-09-14T14:40:00-04:00,712.3099975585938,-0.0035950191733786774,2026-09-14T14:40:00-04:00,16.75,0.05744948476300582,97.00312860200889
2026-09-14T14:55:34.105027-04:00,2026-09-14,2026-09-14T14:55:34.105027-04:00,LIVE_PROVISIONAL,GO_EARLY,GO_EARLY,1,OK,1,4,1,1,1,1,1,0,0,1,0,25.8,-43.25,-34.82,-306.479006,403.30720199999996,1.2351933257848624,0.8507016046738097,41.13655640373197,23.924334711427434,94.18000030517578,3.2046951255798346,762.3200073242188,-0.002577517381831429,2026-09-14T14:50:00-04:00,711.8699951171875,-0.004210510498357634,2026-09-14T14:55:00-04:00,16.719999313354492,0.05555550203847881,97.06899390745924
2026-09-14T15:07:43.275270-04:00,2026-09-14,2026-09-14T15:07:43.275270-04:00,LIVE_PROVISIONAL,GO_EARLY,GO_EARLY,1,OK,1,4,1,1,1,1,1,0,0,1,0,25.6,-43.25,-34.82,-303.54374499999994,248.19412599999987,1.2253889614227367,0.9064048054300895,41.0608371462464,23.900281668572447,93.97000122070312,3.2046951255798346,761.7999877929688,-0.0032579129727721146,2026-09-14T15:05:00-04:00,711.3800048828125,-0.00489592655563742,2026-09-14T15:05:00-04:00,16.719999313354492,0.05555550203847881,97.16779186563478
2026-09-14T15:19:15.542189-04:00,2026-09-14,2026-09-14T15:19:15.542189-04:00,LIVE_PROVISIONAL,GO_EARLY,GO_EARLY,1,OK,1,4,1,1,1,1,1,0,0,0,1,25.6,-43.25,-34.82,-264.004864,294.9741409999997,1.1874843211579607,0.893659067503776,40.883697308278315,23.879341132746305,94.05999755859375,2.8770159072875985,761.8499755859375,-0.003192508748713352,2026-09-14T15:15:00-04:00,710.97998046875,-0.005455495170412328,2026-09-14T15:15:00-04:00,16.81999969482422,0.06186865737347991,97.2665898238103
2026-09-14T15:28:40.667432-04:00,2026-09-14,2026-09-14T15:28:40.667432-04:00,LIVE_PROVISIONAL,GO_EARLY,GO_EARLY,1,OK,1,4,1,1,1,1,1,0,0,1,0,25.4,-43.25,-34.82,-374.38338499999986,255.4505690000001,1.2651668244332914,0.9092319173703168,40.66677948891521,23.81453957890585,93.87999725341797,2.92279181671143,761.8200073242188,-0.003231719339693684,2026-09-14T15:25:00-04:00,711.1599731445312,-0.005203714907218715,2026-09-14T15:25:00-04:00,16.829999923706055,0.062499984948322096,97.29952247653549
2026-09-14T15:38:45.508827-04:00,2026-09-14,2026-09-14T15:38:45.508827-04:00,LIVE_PROVISIONAL,GO_EARLY,GO_EARLY,1,OK,1,4,1,1,1,1,1,0,0,0,1,25.8,-43.25,-34.82,-389.7345560000001,265.0995660000003,1.268247793491702,0.9075509569166421,40.25710419485792,23.77813226012333,93.95999908447266,2.8859803562164332,761.6649780273438,-0.003434560278776866,2026-09-14T15:35:00-04:00,710.7999877929688,-0.005707275433605941,2026-09-14T15:35:00-04:00,16.860000610351562,0.06439396767284933,97.34892145562326
2026-09-14T15:51:15.172117-04:00,2026-09-14,2026-09-14T15:51:15.172117-04:00,LIVE_PROVISIONAL,GO_EARLY,GO_EARLY,1,OK,1,4,1,1,1,1,2,1,0,0,1,25.8,-43.25,-34.82,-411.94909200000006,240.46626199999992,1.2750694032449659,0.9182676320288444,40.36511156186612,23.69578824336817,94.01000213623047,2.843446907043455,761.3599853515625,-0.003833613890036447,2026-09-14T15:50:00-04:00,710.4000244140625,-0.0062667586701972144,2026-09-14T15:50:00-04:00,16.8799991607666,0.06565650240911136,97.4147867610736
2026-09-14T15:57:29.810296-04:00,2026-09-14,2026-09-14T15:57:29.810296-04:00,LIVE_PROVISIONAL,GO_EARLY,GO_EARLY,1,OK,1,4,1,1,1,1,0,0,0,0,0,25.4,-43.25,-34.82,-446.4778329999999,165.04313300000013,1.2908600562144117,0.944105952611649,40.09123162696402,23.670503351719134,94.01000213623047,2.843446907043455,761.14501953125,-0.004114876011080182,2026-09-14T15:55:00-04:00,709.6199951171875,-0.007357891855553134,2026-09-14T15:55:00-04:00,16.8799991607666,0.06565650240911136,97.46418574016137
2026-09-14T16:03:04.238862-04:00,2026-09-14,2026-09-14T16:03:04.238862-04:00,CLOSE_SETTLING,GO_EARLY,GO_EARLY,1,OK,1,4,1,1,1,1,0,0,0,0,0,26.2,-43.25,-34.82,-412.439883,104.47303600000032,1.2590774611563949,0.9647238617582532,39.47323991220665,23.627609624410397,94.29000091552734,2.8781603050231945,760.8200073242188,-0.004540123255418194,2026-09-14T15:55:00-04:00,709.1599731445312,-0.008001387224725764,2026-09-14T15:55:00-04:00,16.8700008392334,0.06502529524769152,97.53005104561171
2026-09-14T16:12:55.387262-04:00,2026-09-14,2026-09-14T16:12:55.387262-04:00,CLOSE_SETTLING,GO_EARLY,GO_EARLY,1,OK,1,4,1,1,1,1,1,0,1,0,0,26.2,-43.25,-34.82,-511.586176,237.2435230000001,1.3142602042009013,0.9243960962003656,39.355600539811064,23.631484701587922,94.55000305175781,2.8781603050231945,760.8200073242188,-0.004540123255418194,2026-09-14T15:55:00-04:00,709.1599731445312,-0.008001387224725764,2026-09-14T15:55:00-04:00,16.989999771118164,0.07260098531895465,97.61238267742468
2026-09-14T16:28:32.470198-04:00,2026-09-14,2026-09-14T16:28:32.470198-04:00,MARKET_CLOSED_FINAL,GO_EARLY,GO_EARLY,1,OK,1,4,1,1,1,1,0,0,0,0,0,26.2,-43.25,-34.82,-546.4546149999999,-20.031127000000197,1.3008120092471664,1.0062341318118766,39.099645928174,23.573991094371905,94.80000305175781,3.2289182109832835,760.77001953125,-0.004605527479476956,2026-09-14T15:55:00-04:00,709.1599731445312,-0.008001387224725764,2026-09-14T15:55:00-04:00,17.100000381469727,0.07954546822879793,97.66178165651243
2026-09-14T16:36:19.329735-04:00,2026-09-14,2026-09-14T16:36:19.329735-04:00,MARKET_CLOSED_FINAL,GO_EARLY,GO_EARLY,0,DEGRADED,1,4,1,1,1,1,1,1,0,0,0,26.2,-43.25,-34.82,-546.4546149999999,-20.031127000000197,1.3008120092471664,1.0062341318118766,39.19143437326934,23.573991094371905,94.80000305175781,,,,,709.1599731445312,-0.008001387224725764,2026-09-14T15:55:00-04:00,17.100000381469727,0.07954546822879793,89.19808990614194
2026-09-15T09:44:03.895639-04:00,2026-09-15,2026-09-15T09:44:03.895639-04:00,LIVE_PROVISIONAL,WATCH,WATCH,0,DEGRADED,1,1,0,1,0,0,0,0,0,0,0,23.8,-46.04,-33.73,-694.6379,-51.6727,1.332863806615626,1.0146719751917248,36.69906764530847,18.696683169956557,95.84,,759.7050170898438,-0.001544248482583943,2026-09-15T09:40:00-04:00,708.7999877929688,-0.0005358370043389016,2026-09-15T09:40:00-04:00,16.84000015258789,-0.015204691408286952,82.99308528152783
2026-09-15T09:58:27.928499-04:00,2026-09-15,2026-09-15T09:58:27.928499-04:00,LIVE_PROVISIONAL,GO_EARLY,GO_EARLY,0,DEGRADED,1,3,0,1,1,1,1,0,0,1,0,22.4,-46.04,-33.73,-23.166748999999996,249.657808,1.2997287533424542,0.5561906146083867,35.33916849015317,18.087001602937804,95.62000274658203,,759.5700073242188,-0.001721687454246501,2026-09-15T09:55:00-04:00,709.0,-0.0002538039392540048,2026-09-15T09:55:00-04:00,16.979999542236328,-0.007017592781075943,90.28646690813302
2026-09-15T10:03:19.964110-04:00,2026-09-15,2026-09-15T10:03:19.964110-04:00,LIVE_PROVISIONAL,GO_EARLY,GO_EARLY,0,DEGRADED,1,4,1,1,1,1,0,0,0,0,0,24.6,-46.04,-33.73,-38.496746000000016,271.56977,1.3391783878196932,0.5939792840391453,34.68908170643529,18.06778417932587,96.0,,759.0499877929688,-0.0024051323179737905,2026-09-15T10:00:00-04:00,708.5798950195312,-0.0008461852596627351,2026-09-15T10:00:00-04:00,17.059999465942383,-0.002339234773976351,91.07672044781035
2026-09-15T10:14:01.735759-04:00,2026-09-15,2026-09-15T10:14:01.735759-04:00,LIVE_PROVISIONAL,GO_EARLY,GO_EARLY,1,OK,1,4,1,1,1,1,1,0,0,1,0,25.0,-46.04,-33.73,-57.73930099999998,232.13178600000003,1.3532778792928606,0.6945079074426698,33.666547661549444,17.930229302700155,95.30999755859375,3.2262479496002237,757.9299926757812,-0.0038771057040533075,2026-09-15T10:10:00-04:00,706.8200073242188,-0.003327766400541221,2026-09-15T10:10:00-04:00,16.959999084472656,-0.00818721016806423,92.22917352650643
2026-09-15T10:35:57.437629-04:00,2026-09-15,2026-09-15T10:35:57.437629-04:00,LIVE_PROVISIONAL,GO_EARLY,GO_EARLY,1,OK,1,4,1,1,1,1,0,0,0,0,0,23.8,-46.04,-33.73,-151.605401,150.35893399999998,1.617366476929749,0.847967318598232,33.26892675215176,17.819720969002788,95.44000244140625,3.3244754219055177,757.4349975585938,-0.004527661789127113,2026-09-15T10:35:00-04:00,706.135009765625,-0.0042936672517611685,2026-09-15T10:35:00-04:00,17.350000381469727,0.014619882714792753,93.72736252881133
2026-09-15T10:52:26.358636-04:00,2026-09-15,2026-09-15T10:52:26.358636-04:00,LIVE_PROVISIONAL,GO_EARLY,GO_EARLY,1,OK,1,4,1,1,1,1,1,0,0,0,1,23.4,-46.04,-33.73,-225.31056,124.336138,1.841737389623018,0.8849141195803207,32.390431290378906,17.754326322954512,95.83999633789062,3.3206607627868703,756.3699951171875,-0.005927360078702093,2026-09-15T10:50:00-04:00,704.2249755859375,-0.006986966836371344,2026-09-15T10:50:00-04:00,17.450000762939453,0.020467858108880632,94.28712545274942
2026-09-15T11:02:18.537247-04:00,2026-09-15,2026-09-15T11:02:18.537247-04:00,LIVE_PROVISIONAL,GO_EARLY,GO_EARLY,1,OK,1,4,1,1,1,1,0,0,0,0,0,23.4,-46.04,-33.73,-290.891107,-42.64061400000014,1.9712446209549737,1.038133557066774,31.81107831220698,17.63812329342656,95.98999786376953,3.3206607627868703,756.6799926757812,-0.005519940306064619,2026-09-15T11:00:00-04:00,704.8099975585938,-0.0061620394854897675,2026-09-15T11:00:00-04:00,17.56999969482422,0.027485339349103244,94.81396114586764
2026-09-15T11:08:19.103832-04:00,2026-09-15,2026-09-15T11:08:19.103832-04:00,LIVE_PROVISIONAL,GO_EARLY,GO_EARLY,1,OK,1,4,1,1,1,1,1,1,0,0,0,23.4,-46.04,-33.73,-309.263927,-81.56601,1.9582758466017602,1.0707673370582198,32.20045084099185,17.616878072889023,97.70999908447266,3.3206607627868703,757.0250244140625,-0.005066476243312135,2026-09-15T11:05:00-04:00,705.3300170898438,-0.0054287707291506004,2026-09-15T11:05:00-04:00,17.799999237060547,0.040935604676908044,94.94567006914718
2026-09-15T11:19:13.337459-04:00,2026-09-15,2026-09-15T11:19:13.337459-04:00,LIVE_PROVISIONAL,GO_EARLY,GO_EARLY,1,OK,1,4,1,1,1,1,1,0,0,1,0,23.4,-46.04,-33.73,-348.189504,-179.21400700000004,1.9798332255568718,1.1484712245908097,31.686247408431235,17.53145861434284,97.38999938964844,3.796730220794678,757.2899780273438,-0.004718256272251087,2026-09-15T11:15:00-04:00,705.6951904296875,-0.004913847375960789,2026-09-15T11:15:00-04:00,17.709999084472656,0.03567243797631425,95.29140599275601
2026-09-15T11:33:32.424761-04:00,2026-09-15,2026-09-15T11:33:32.424761-04:00,LIVE_PROVISIONAL,GO_EARLY,GO_EARLY,1,OK,1,4,1,1,1,1,4,1,1,1,1,24.2,-46.04,-33.73,-411.01365499999997,-106.95425300000011,2.078975542715724,1.0794536488110824,32.22298929927511,17.589882478067437,96.83999633789062,3.7452323226928708,757.219970703125,-0.004810264635947692,2026-09-15T11:30:00-04:00,705.3084716796875,-0.005459151465181944,2026-09-15T11:30:00-04:00,17.729999542236328,0.03684205536330243,95.39018768521568
2026-09-15T11:51:38.187062-04:00,2026-09-15,2026-09-15T11:51:38.187062-04:00,LIVE_PROVISIONAL,GO_EARLY,GO_EARLY,1,OK,1,4,1,1,1,1,2,1,0,1,0,25.0,-46.04,-33.73,-417.929037,-127.54987600000004,1.943730461504769,1.088358568366407,32.83453732370141,16.440815152882635,96.38999938964844,3.7452323226928708,757.2000122070312,-0.004836495442337219,2026-09-15T11:50:00-04:00,705.2899780273438,-0.005485228980812384,2026-09-15T11:50:00-04:00,17.639999389648438,0.03157888866270886,95.71945999341456
2026-09-15T11:55:10.365557-04:00,2026-09-15,2026-09-15T11:55:10.365557-04:00,LIVE_PROVISIONAL,GO_EARLY,GO_EARLY,1,OK,1,4,1,1,1,1,1,0,1,0,0,24.8,-46.04,-33.73,-436.16888100000006,-72.6414749999999,1.8612898410979124,1.0414836557547351,32.143470053200616,16.512092481262997,96.5,3.7452323226928708,757.0999755859375,-0.004967970340418071,2026-09-15T11:55:00-04:00,705.3400268554688,-0.0054146561662351544,2026-09-15T11:55:00-04:00,17.6200008392334,0.030409382816573904,95.93348699374383
2026-09-15T12:00:30.504273-04:00,2026-09-15,2026-09-15T12:00:30.504273-04:00,LIVE_PROVISIONAL,GO_EARLY,GO_EARLY,1,OK,1,4,1,1,1,1,2,0,0,1,1,25.0,-46.04,-33.73,-453.5426709999999,-97.78387999999995,1.88065477339503,1.06110273412619,31.926574026419626,16.51073727058322,96.05000305175781,3.25962621688843,757.0999755859375,-0.004967970340418071,2026-09-15T12:00:00-04:00,705.3200073242188,-0.005442885292066046,2026-09-15T12:00:00-04:00,17.559999465942383,0.026900530655609156,95.9664142245637
2026-09-15T12:07:38.427407-04:00,2026-09-15,2026-09-15T12:07:38.427407-04:00,LIVE_PROVISIONAL,GO_EARLY,GO_EARLY,1,OK,1,4,1,1,1,1,2,0,1,0,1,25.0,-46.04,-33.73,-433.19332800000007,-24.449153000000024,1.7911144339890086,1.0145888958707578,31.916352416866644,16.560958379987298,96.19000244140625,3.25962621688843,756.844970703125,-0.005303115016551119,2026-09-15T12:05:00-04:00,705.2100219726562,-0.005597973355319974,2026-09-15T12:05:00-04:00,17.600000381469727,0.02923976542958573,96.04873230161344
2026-09-15T12:15:03.435065-04:00,2026-09-15,2026-09-15T12:15:03.435065-04:00,LIVE_PROVISIONAL,GO_EARLY,GO_EARLY,1,OK,1,4,1,1,1,1,1,0,0,1,0,24.4,-46.04,-33.73,-498.35202900000013,-36.69754399999988,1.8909566804484095,1.0210620695279515,31.607816249571478,16.49980010997679,96.04000091552734,3.6468141174316377,756.7587280273438,-0.005416460978105886,2026-09-15T12:15:00-04:00,704.530029296875,-0.006556816925082254,2026-09-15T12:10:00-04:00,17.59000015258789,0.02865495673609164,96.04873230161344
2026-09-15T12:29:15.607300-04:00,2026-09-15,2026-09-15T12:29:15.607300-04:00,LIVE_PROVISIONAL,GO_EARLY,GO_EARLY,1,OK,1,4,1,1,1,1,3,1,1,0,1,25.0,-46.04,-33.73,-593.7643280000001,-52.67762700000003,2.0389965098521485,1.0286431648326286,32.796711765713304,16.505521465569515,96.68000030517578,3.636133071899414,757.75,-0.004113664260758876,2026-09-15T12:25:00-04:00,705.7100830078125,-0.004892847660403654,2026-09-15T12:25:00-04:00,17.739999771118164,0.037426864056796516,96.13105037866315
2026-09-15T12:41:57.782604-04:00,2026-09-15,2026-09-15T12:41:57.782604-04:00,LIVE_PROVISIONAL,GO_EARLY,GO_EARLY,1,OK,1,4,1,1,1,1,3,1,0,1,1,25.0,-46.04,-33.73,-626.0126480000001,-75.77290600000015,2.0394797421994877,1.0401384582265272,33.110997092526084,16.4619247364124,96.20999908447266,3.2382641258239753,757.6300048828125,-0.004271369965229366,2026-09-15T12:40:00-04:00,705.5150146484375,-0.005167909508438817,2026-09-15T12:40:00-04:00,17.5,0.02339179003549785,96.26275930194271
2026-09-15T12:53:09.757504-04:00,2026-09-15,2026-09-15T12:53:09.757504-04:00,LIVE_PROVISIONAL,GO_EARLY,GO_EARLY,1,OK,1,4,1,1,1,1,4,1,1,1,1,25.0,-46.04,-33.73,-529.0894300000001,-38.09387199999992,1.7499913730132615,1.0190097945493506,33.247907056210494,16.605297951937928,96.08999633789062,3.2382641258239753,757.8400268554688,-0.003995344874139439,2026-09-15T12:50:00-04:00,705.7899780273438,-0.004780189350304109,2026-09-15T12:50:00-04:00,17.479999542236328,0.022222172648509675,96.36154099440238
2026-09-15T13:04:02.289286-04:00,2026-09-15,2026-09-15T13:04:02.289286-04:00,LIVE_PROVISIONAL,GO_EARLY,GO_EARLY,1,OK,1,4,1,1,1,1,2,1,0,0,1,25.6,-46.04,-33.73,-511.95337200000006,-52.85534899999993,1.6773217028016087,1.025435375648463,34.98293515358362,16.59370998506114,96.2699966430664,3.2382641258239753,757.3599853515625,-0.004626247908554482,2026-09-15T13:00:00-04:00,705.0,-0.005894120983320317,2026-09-15T13:00:00-04:00,17.56999969482422,0.027485339349103244,96.47678630227198
2026-09-15T13:08:59.490164-04:00,2026-09-15,2026-09-15T13:08:59.490164-04:00,LIVE_PROVISIONAL,GO_EARLY,GO_EARLY,1,OK,1,4,1,1,1,1,2,0,1,0,1,25.4,-46.04,-33.73,-491.9163669999999,-51.931951000000026,1.6161899544575116,1.0244915461304165,34.305697714090755,16.612298445573188,96.30999755859375,3.2382641258239753,757.25,-0.004770798101563445,2026-09-15T13:05:00-04:00,705.02001953125,-0.005865891857489425,2026-09-15T13:05:00-04:00,17.479999542236328,0.022222172648509675,96.50971353309187
2026-09-15T13:25:44.856868-04:00,2026-09-15,2026-09-15T13:25:44.856868-04:00,LIVE_PROVISIONAL,GO_EARLY,GO_EARLY,1,OK,1,4,1,1,1,1,2,0,1,0,1,25.4,-46.04,-33.73,-475.64186000000007,-182.80421099999967,1.5383810269852984,1.08467614728073,33.57776261937244,16.66319144439474,96.41999816894531,3.2382641258239753,756.7000122070312,-0.005493629283141788,2026-09-15T13:25:00-04:00,704.6199951171875,-0.006429957987659218,2026-09-15T13:25:00-04:00,17.549999237060547,0.02631572196211507,96.54264076391176
2026-09-15T13:34:06.541182-04:00,2026-09-15,2026-09-15T13:34:06.541182-04:00,LIVE_PROVISIONAL,GO_EARLY,GO_EARLY,1,OK,1,4,1,1,1,1,2,1,0,1,0,24.8,-46.04,-33.73,-516.870788,-50.190524000000096,1.57604893509241,1.0220055352949686,33.78769807462941,16.623741743996064,96.2699966430664,3.6613098220825147,757.1649780273438,-0.004882539732452229,2026-09-15T13:30:00-04:00,705.0900268554688,-0.0057671759814892365,2026-09-15T13:30:00-04:00,17.65999984741211,0.032748506049697035,96.62495884096147
2026-09-15T13:41:59.575317-04:00,2026-09-15,2026-09-15T13:41:59.575317-04:00,LIVE_PROVISIONAL,GO_EARLY,GO_EARLY,1,OK,1,4,1,1,1,1,1,1,0,0,0,25.8,-46.04,-33.73,-582.6339049999999,-135.863112,1.6510941085260005,1.059624589084258,34.195744680851064,16.58955664305141,96.56999969482422,3.6613098220825147,757.0999755859375,-0.004967970340418071,2026-09-15T13:40:00-04:00,704.72998046875,-0.006274869924405291,2026-09-15T13:40:00-04:00,17.670000076293945,0.03333331474319112,96.72374053342114
2026-09-15T13:55:13.564842-04:00,2026-09-15,2026-09-15T13:55:13.564842-04:00,LIVE_PROVISIONAL,GO_EARLY,GO_EARLY,1,OK,1,4,1,1,1,1,1,1,0,0,0,25.6,-46.04,-33.73,-547.844915,-350.726447,1.572339106260909,1.1560253873729263,34.309053778080326,16.57871351349435,96.63999938964844,3.6943066234588624,757.1900024414062,-0.004849650953798634,2026-09-15T13:55:00-04:00,704.969970703125,-0.005936464672066655,2026-09-15T13:55:00-04:00,17.600000381469727,0.02923976542958573,96.74020414883108
2026-09-15T13:59:41.941717-04:00,2026-09-15,2026-09-15T13:59:41.941717-04:00,LIVE_PROVISIONAL,GO_EARLY,GO_EARLY,1,OK,1,4,1,1,1,1,3,1,1,1,0,26.2,-46.04,-33.73,-550.6221830000001,-408.353212,1.5588870987504675,1.182326032204224,34.5643294758339,16.595510356954733,96.31999969482422,3.6943066234588624,757.25537109375,-0.004763739046632964,2026-09-15T13:55:00-04:00,704.97998046875,-0.005922350109151209,2026-09-15T13:55:00-04:00,17.600000381469727,0.02923976542958573,96.74020414883108
2026-09-15T14:04:49.381778-04:00,2026-09-15,2026-09-15T14:04:49.381778-04:00,LIVE_PROVISIONAL,GO_EARLY,GO_EARLY,1,OK,1,4,1,1,1,1,2,1,0,1,0,26.4,-46.04,-33.73,-571.582845,-693.4813099999997,1.5696054897314882,1.323885009245167,34.75153165418652,16.580734249744637,96.2699966430664,3.6943066234588624,757.47998046875,-0.004468542204083992,2026-09-15T14:00:00-04:00,705.1900024414062,-0.005626202481150866,2026-09-15T14:00:00-04:00,17.6299991607666,0.03099407996921477,96.74020414883108
2026-09-15T14:14:02.264057-04:00,2026-09-15,2026-09-15T14:14:02.264057-04:00,LIVE_PROVISIONAL,GO_EARLY,GO_EARLY,1,OK,1,4,1,1,1,1,3,1,1,1,0,27.4,-46.04,-33.73,-602.2716790000001,-1024.8029600000002,1.5906596603389156,1.5019635544751682,35.94626764155756,16.584555199413586,96.20999908447266,3.6943066234588624,757.9000244140625,-0.00391649202190425,2026-09-15T14:10:00-04:00,705.510009765625,-0.005174966789896596,2026-09-15T14:10:00-04:00,17.559999465942383,0.026900530655609156,96.8225222258808
2026-09-15T14:27:19.636201-04:00,2026-09-15,2026-09-15T14:27:19.636201-04:00,LIVE_PROVISIONAL,GO_EARLY,GO_EARLY,1,OK,1,4,1,1,1,1,1,0,1,0,0,26.0,-46.04,-33.73,-585.8789629999999,-843.1606230000002,1.5448367510652259,1.3818408691209842,35.72884811416922,16.632279715188844,96.33999633789062,3.6943066234588624,757.45849609375,-0.004496778423806136,2026-09-15T14:25:00-04:00,705.1099853515625,-0.005739032920066389,2026-09-15T14:25:00-04:00,17.43000030517578,0.019298240721892457,96.90484030293052
2026-09-15T14:40:11.782031-04:00,2026-09-15,2026-09-15T14:40:11.782031-04:00,LIVE_PROVISIONAL,GO_EARLY,GO_EARLY,1,OK,1,4,1,1,1,1,3,0,1,1,1,26.0,-46.04,-33.73,-647.9267559999998,-909.6600160000003,1.5512976305662778,1.3906398437011962,34.7885170715135,16.68055264113366,96.23999786376953,3.3036855297088636,757.22998046875,-0.004797109124486276,2026-09-15T14:40:00-04:00,704.7999877929688,-0.0061761540484052135,2026-09-15T14:40:00-04:00,17.5,0.02339179003549785,96.92130391834046
2026-09-15T14:53:22.749930-04:00,2026-09-15,2026-09-15T14:53:22.749930-04:00,LIVE_PROVISIONAL,GO_EARLY,GO_EARLY,1,OK,1,4,1,1,1,1,0,0,0,0,0,25.8,-46.04,-33.73,-698.470274,-1150.1067120000002,1.6177470875943039,1.525821635378202,34.08048904737647,16.66445293444916,96.31999969482422,3.3223773593902592,757.0499877929688,-0.005033667681191956,2026-09-15T14:50:00-04:00,704.3800048828125,-0.006768363239997965,2026-09-15T14:50:00-04:00,17.489999771118164,0.022806981342003763,96.95423114916035
2026-09-15T15:02:40.639566-04:00,2026-09-15,2026-09-15T15:02:40.639566-04:00,LIVE_PROVISIONAL,GO_EARLY,GO_EARLY,1,OK,1,4,1,1,1,1,2,1,0,1,0,25.6,-46.04,-33.73,-779.361964,-1305.062391,1.6943263637800796,1.5958476845024094,34.57230142566191,16.65588775796273,96.23999786376953,3.3223773593902592,757.3809204101562,-0.00459873363763208,2026-09-15T15:00:00-04:00,704.6799926757812,-0.006345356674574587,2026-09-15T15:00:00-04:00,17.510000228881836,0.023976598728991938,97.00362199539019
2026-09-15T15:08:32.112905-04:00,2026-09-15,2026-09-15T15:08:32.112905-04:00,LIVE_PROVISIONAL,GO_EARLY,GO_EARLY,1,OK,1,4,1,1,1,1,1,0,0,1,0,25.8,-46.04,-33.73,-815.9639990000001,-1365.7379370000003,1.7241245579471578,1.6196612730014037,34.317718940936864,16.644660299884123,96.16000366210938,3.6849607086181666,757.3599853515625,-0.004626247908554482,2026-09-15T15:05:00-04:00,704.7598876953125,-0.006232698364475042,2026-09-15T15:05:00-04:00,17.530000686645508,0.025146216115980113,97.00362199539019
2026-09-15T15:17:51.939526-04:00,2026-09-15,2026-09-15T15:17:51.939526-04:00,LIVE_PROVISIONAL,GO_EARLY,GO_EARLY,1,OK,1,4,1,1,1,1,1,0,0,1,0,25.2,-46.04,-33.73,-866.300172,-1477.1070300000001,1.743853453112543,1.6634345063280764,33.989479042932295,16.64099243657232,95.95999908447266,3.6849607086181666,757.1699829101562,-0.004875961976721466,2026-09-15T15:15:00-04:00,704.3599853515625,-0.006796592365828857,2026-09-15T15:15:00-04:00,17.420000076293945,0.01871343202839837,97.02008561080014
2026-09-15T15:28:30.581345-04:00,2026-09-15,2026-09-15T15:28:30.581345-04:00,LIVE_PROVISIONAL,GO_EARLY,GO_EARLY,1,OK,1,4,1,1,1,1,2,0,1,1,0,25.0,-46.04,-33.73,-726.9906970000002,-1533.8028849999996,1.5663455834850781,1.6739464358055847,33.525521451585554,16.655453644158257,95.63999938964844,3.6849607086181666,757.0999755859375,-0.004967970340418071,2026-09-15T15:25:00-04:00,704.4199829101562,-0.006711991052744115,2026-09-15T15:25:00-04:00,17.450000762939453,0.020467858108880632,97.0859400724399
2026-09-15T15:40:09.579326-04:00,2026-09-15,2026-09-15T15:40:09.579326-04:00,LIVE_PROVISIONAL,GO_EARLY,GO_EARLY,1,OK,1,4,1,1,1,1,1,0,0,1,0,24.2,-46.04,-33.73,-946.4070389999999,-1541.198261,1.7733045556905336,1.6650694502923016,33.10181263764188,16.62061784075715,95.37999725341797,3.6849607086181666,756.6599731445312,-0.0055462513289874504,2026-09-15T15:35:00-04:00,703.8599853515625,-0.0075016319963371325,2026-09-15T15:40:00-04:00,17.43000030517578,0.019298240721892457,97.18472176489958
2026-09-15T15:50:09.383844-04:00,2026-09-15,2026-09-15T15:50:09.383844-04:00,LIVE_PROVISIONAL,GO_EARLY,GO_EARLY,1,OK,1,4,1,1,1,1,2,0,0,1,1,23.4,-46.04,-33.73,-990.9629390000002,-1542.181075,1.794506025886127,1.6414062514446321,32.92724196277496,16.593085675626853,94.95999908447266,3.597986480712889,756.8800048828125,-0.005257070726436108,2026-09-15T15:50:00-04:00,704.1950073242188,-0.007029224460709638,2026-09-15T15:45:00-04:00,17.469999313354492,0.021637363955015587,97.29996707276918
2026-09-15T15:58:24.440154-04:00,2026-09-15,2026-09-15T15:58:24.440154-04:00,LIVE_PROVISIONAL,GO_EARLY,GO_EARLY,1,OK,1,4,1,1,1,1,1,1,0,0,0,24.6,-46.04,-33.73,-993.9234710000001,-1655.165817,1.7712629075848474,1.6980479597032916,33.4404600811908,16.58533455654954,94.97000122070312,3.597986480712889,757.0,-0.005099365021965729,2026-09-15T15:55:00-04:00,704.2050170898438,-0.007015109897794192,2026-09-15T15:55:00-04:00,17.549999237060547,0.02631572196211507,97.33289430358907
2026-09-15T16:06:41.094419-04:00,2026-09-15,2026-09-15T16:06:41.094419-04:00,CLOSE_SETTLING,GO_EARLY,GO_EARLY,1,OK,1,4,1,1,1,1,2,1,0,0,1,24.4,-46.04,-33.73,-976.0221229999997,-1623.8317470000002,1.710238835193612,1.6517487059252236,33.88541490620247,16.573834897391222,95.01000213623047,3.570902400970456,757.3800048828125,-0.00459993688563165,2026-09-15T15:55:00-04:00,704.5900268554688,-0.006472215611997512,2026-09-15T15:55:00-04:00,17.5,0.02339179003549785,97.41521238063879
2026-09-15T16:13:40.328851-04:00,2026-09-15,2026-09-15T16:13:40.328851-04:00,CLOSE_SETTLING,GO_EARLY,GO_EARLY,1,OK,1,4,1,1,1,1,3,1,1,1,0,24.2,-46.04,-33.73,-1078.28696,-1670.5013549999999,1.7656079827469706,1.6501948563122357,33.913553686681006,16.583090109377295,94.94999694824219,3.6716094017028826,757.3800048828125,-0.00459993688563165,2026-09-15T15:55:00-04:00,704.5900268554688,-0.006472215611997512,2026-09-15T15:55:00-04:00,17.420000076293945,0.01871343202839837,84.17846559104379
2026-09-15T16:25:02.372749-04:00,2026-09-15,2026-09-15T16:25:02.372749-04:00,MARKET_CLOSED_FINAL,GO_EARLY,GO_EARLY,1,OK,1,4,1,1,1,1,2,1,1,0,0,24.2,-46.04,-33.73,-1380.267278,-2165.6696220000003,1.9478602440791055,1.855668946919098,33.93520080998987,16.629848743094414,95.04000091552734,3.6716094017028826,757.4199829101562,-0.004547395056319181,2026-09-15T15:55:00-04:00,704.5900268554688,-0.006472215611997512,2026-09-15T15:55:00-04:00,17.280000686645508,0.01052633340118736,97.56338491932829
2026-09-15T16:33:27.555400-04:00,2026-09-15,2026-09-15T16:33:27.555400-04:00,MARKET_CLOSED_FINAL,GO_EARLY,GO_EARLY,1,OK,1,4,1,1,1,1,0,0,0,0,0,24.2,-46.04,-33.73,-1380.267278,-2165.6696220000003,1.9478602440791055,1.855668946919098,33.93520080998987,16.629848743094414,95.04000091552734,3.6716094017028826,757.4199829101562,-0.004547395056319181,2026-09-15T15:55:00-04:00,704.5900268554688,-0.006472215611997512,2026-09-15T15:55:00-04:00,17.209999084472656,0.006432672546728746,97.56338491932829
2026-09-15T16:42:17.023642-04:00,2026-09-15,2026-09-15T16:42:17.023642-04:00,MARKET_CLOSED_FINAL,GO_EARLY,GO_EARLY,1,OK,1,4,1,1,1,1,0,0,0,0,0,24.2,-46.04,-33.73,-1380.2673,-2165.6696,1.9478602696016625,1.8556689426218054,33.924050632911396,16.629848743094414,95.04000091552734,3.6716094017028826,757.4199829101562,-0.004547395056319181,2026-09-15T15:55:00-04:00,704.5900268554688,-0.006472215611997512,2026-09-15T15:55:00-04:00,17.209999084472656,0.006432672546728746,97.54692130391834
2026-09-16T09:35:24.182313-04:00,2026-09-16,2026-09-16T09:35:24.182313-04:00,LIVE_PROVISIONAL,WAIT,WAIT,0,DEGRADED,1,0,0,0,0,0,1,0,0,1,0,24.2,-55.39,-47.53,-1400.7431,-2303.809,1.7590378511810298,1.8246861780301427,39.229024943310655,16.612351793288084,94.53,,759.4299926757812,0.0026934313733864013,2026-09-16T09:35:00-04:00,708.4650268554688,0.005571080351060909,2026-09-16T09:35:00-04:00,16.770000457763672,-0.02500001663385365,72.60454395785314
2026-09-16T09:48:46.969705-04:00,2026-09-16,2026-09-16T09:48:46.969705-04:00,LIVE_PROVISIONAL,WAIT,WAIT,1,OK,1,0,0,0,0,0,1,0,0,1,0,22.6,-55.39,-47.53,-1400.7431,-2303.809,1.7590378511810298,1.8246861780301427,37.49052312357847,16.612351793288084,94.55000305175781,3.012817771911619,759.6500244140625,0.0029839444961181627,2026-09-16T09:45:00-04:00,709.260009765625,0.006699451962253411,2026-09-16T09:45:00-04:00,16.790000915527344,-0.0238371993735913,86.86203490286466
2026-09-16T09:59:14.189716-04:00,2026-09-16,2026-09-16T09:59:14.189716-04:00,LIVE_PROVISIONAL,GO_EARLY,GO_EARLY,1,OK,1,3,1,0,1,1,3,1,1,1,0,23.6,-55.39,-47.53,3.449854000000002,747.463193,0.9663893672111673,0.38030724952624456,38.13405797101449,18.227693152312796,94.37000274658203,3.0254061470031774,760.030029296875,0.0034856739557926897,2026-09-16T09:55:00-04:00,709.8350219726562,0.007515604664675157,2026-09-16T09:55:00-04:00,16.979999542236328,-0.012790768078171144,90.87915706289101
2026-09-16T10:10:47.437926-04:00,2026-09-16,2026-09-16T10:10:47.437926-04:00,LIVE_PROVISIONAL,GO_EARLY,GO_EARLY,1,OK,1,3,1,0,1,1,3,0,1,1,1,23.0,-55.39,-47.53,4.786451999999997,898.202266,0.9694253744763265,0.363625165240062,35.999284308463054,18.446351348020812,94.5999984741211,2.941865112304687,759.7205200195312,0.0030770215160222936,2026-09-16T10:10:00-04:00,709.6749877929688,0.007288457611734911,2026-09-16T10:10:00-04:00,16.729999542236328,-0.02732565115437835,92.01514652617715
2026-09-16T10:18:25.378284-04:00,2026-09-16,2026-09-16T10:18:25.378284-04:00,LIVE_PROVISIONAL,GO_EARLY,GO_EARLY,1,OK,1,3,1,0,1,1,4,1,1,1,1,22.4,-55.39,-47.53,6.499657000000013,1024.587573,0.968789431532303,0.358985695426159,36.76444444444444,18.48546325621679,94.54000091552734,2.7705869178771962,759.5750122070312,0.0028849041000467146,2026-09-16T10:15:00-04:00,709.9000244140625,0.007607866911578887,2026-09-16T10:15:00-04:00,16.75,-0.026162833894116,92.60783668093512
2026-09-16T10:32:24.884204-04:00,2026-09-16,2026-09-16T10:32:24.884204-04:00,LIVE_PROVISIONAL,GO_EARLY,GO_EARLY,1,OK,1,3,1,0,1,1,0,0,0,0,0,22.2,-55.39,-47.53,-68.13535300000001,1118.405436,1.2757310924387433,0.3851719239532195,35.2184637068358,18.25877019706499,95.94000244140625,3.028076408386232,759.0,0.0021257018450524523,2026-09-16T10:30:00-04:00,709.2949829101562,0.0067490916500241305,2026-09-16T10:30:00-04:00,16.829999923706055,-0.021511675745424008,93.44748106684227
2026-09-16T10:46:38.622370-04:00,2026-09-16,2026-09-16T10:46:38.622370-04:00,LIVE_PROVISIONAL,GO_EARLY,GO_EARLY,1,OK,1,3,1,0,1,1,1,1,0,0,0,22.2,-55.39,-47.53,-47.31759299999999,1198.176296,1.149861599320098,0.39288826820955125,36.56441717791411,18.204121017558293,96.36000061035156,3.046386772155765,759.8800048828125,0.0032875931636500155,2026-09-16T10:45:00-04:00,709.989990234375,0.007735561326542184,2026-09-16T10:45:00-04:00,16.940000534057617,-0.015116291706338436,93.92492591373065
2026-09-16T10:57:14.443132-04:00,2026-09-16,2026-09-16T10:57:14.443132-04:00,LIVE_PROVISIONAL,GO_EARLY,GO_EARLY,1,OK,1,3,1,0,1,1,2,1,0,1,0,22.6,-55.39,-47.53,-94.38142599999998,1296.3587089999999,1.2728366711737131,0.3913449877205833,37.56770924340381,18.16301644074973,95.76000213623047,3.046386772155765,759.8099975585938,0.0031951608330611503,2026-09-16T10:55:00-04:00,709.9099731445312,0.007621987800072061,2026-09-16T10:55:00-04:00,16.780000686645508,-0.02441860800372242,94.22127099110965
2026-09-16T11:08:27.830946-04:00,2026-09-16,2026-09-16T11:08:27.830946-04:00,LIVE_PROVISIONAL,GO_EARLY,GO_EARLY,1,OK,1,3,1,0,1,1,3,1,1,1,0,23.2,-55.39,-47.53,-49.19976299999996,1127.907395,1.1156779719567547,0.47733011437029715,38.54583405809706,18.280336612187156,95.44000244140625,3.046386772155765,760.8599853515625,0.004581484619566423,2026-09-16T11:05:00-04:00,711.25,0.009523976185771277,2026-09-16T11:05:00-04:00,16.799999237060547,-0.023255901635817477,94.6493249917682
2026-09-16T11:13:43.251645-04:00,2026-09-16,2026-09-16T11:13:43.251645-04:00,LIVE_PROVISIONAL,GO_EARLY,GO_EARLY,1,OK,1,3,1,0,1,1,2,1,1,0,0,23.6,-55.39,-47.53,-40.921816000000035,1199.6029879999999,1.0890241407918964,0.46663038754526615,39.82285515804099,18.300115209884808,95.66000366210938,3.046386772155765,760.64501953125,0.004297660148481652,2026-09-16T11:10:00-04:00,711.139892578125,0.009367693468950389,2026-09-16T11:10:00-04:00,16.799999237060547,-0.023255901635817477,94.79749753045769
2026-09-16T11:28:49.932935-04:00,2026-09-16,2026-09-16T11:28:49.932935-04:00,LIVE_PROVISIONAL,GO_EARLY,GO_EARLY,1,OK,1,3,1,0,1,1,3,0,1,1,1,24.4,-55.39,-47.53,40.244369000000006,1292.449931,0.9305209546095748,0.47027479748514667,39.38083708059495,18.43132812560073,95.37000274658203,2.9746711807250996,760.5499877929688,0.004172187490480761,2026-09-16T11:25:00-04:00,710.9299926757812,0.009069768711108539,2026-09-16T11:25:00-04:00,16.690000534057617,-0.029651174782545642,95.19262430029634
2026-09-16T11:37:44.624602-04:00,2026-09-16,2026-09-16T11:37:44.624602-04:00,LIVE_PROVISIONAL,GO_EARLY,GO_EARLY,1,OK,1,3,1,0,1,1,2,0,0,1,1,23.8,-55.39,-47.53,-45.59508800000003,1401.1923619999998,1.0785373747069689,0.45468123319106407,38.67012089810017,16.37674278908625,95.16000366210938,2.9369060554504403,760.1900024414062,0.0036968902927356773,2026-09-16T11:35:00-04:00,710.3350219726562,0.008225287600482467,2026-09-16T11:35:00-04:00,16.709999084472656,-0.0284884684146407,95.32433322357589
2026-09-16T11:47:40.914877-04:00,2026-09-16,2026-09-16T11:47:40.914877-04:00,LIVE_PROVISIONAL,GO_EARLY,GO_EARLY,1,OK,1,3,1,0,1,1,4,1,1,1,1,23.8,-55.39,-47.53,-13.84773400000006,1494.143724,1.0219159382531713,0.4447845385521765,38.87931034482759,16.401414800192825,94.88999938964844,2.7902324123382547,761.2899780273438,0.005149214147900372,2026-09-16T11:45:00-04:00,711.5800170898438,0.009992391180144944,2026-09-16T11:45:00-04:00,16.75,-0.026162833894116,95.48896937767533
2026-09-16T11:58:24.333835-04:00,2026-09-16,2026-09-16T11:58:24.333835-04:00,LIVE_PROVISIONAL,GO_EARLY,GO_EARLY,1,OK,1,3,1,0,1,1,3,1,0,1,1,24.2,-55.39,-47.53,-79.39576699999998,1501.617503,1.123267009243328,0.4611834164683614,39.480027548209364,16.291045328063063,94.86000061035156,2.7902324123382547,760.8200073242188,0.004528700681871722,2026-09-16T11:55:00-04:00,710.9849853515625,0.009147823438301117,2026-09-16T11:55:00-04:00,16.700000762939453,-0.02906976615241441,95.62067830095489
2026-09-16T12:04:26.090773-04:00,2026-09-16,2026-09-16T12:04:26.090773-04:00,LIVE_PROVISIONAL,GO_EARLY,GO_EARLY,1,OK,1,3,1,0,1,1,4,1,1,1,1,24.0,-55.39,-47.53,-7.658524000000057,1560.593299,1.0108787799481622,0.45180172277714403,39.59373386124979,16.32575618908524,94.41000366210938,2.7902324123382547,760.3499755859375,0.003908106629678665,2026-09-16T12:00:00-04:00,710.1699829101562,0.007991036787686756,2026-09-16T12:00:00-04:00,16.6299991607666,-0.03313962656333269,95.63714191636483
2026-09-16T12:16:04.508571-04:00,2026-09-16,2026-09-16T12:16:04.508571-04:00,LIVE_PROVISIONAL,GO_EARLY,GO_EARLY,1,OK,1,3,1,0,1,1,2,0,1,1,0,23.8,-55.39,-47.53,-9.51409799999999,1613.392104,1.0127070437964267,0.45481063824172163,39.34962147281487,16.36153074694039,94.5199966430664,2.992600078582766,760.4749755859375,0.004073147094409535,2026-09-16T12:15:00-04:00,710.4990234375,0.008458065682576565,2026-09-16T12:15:00-04:00,16.729999542236328,-0.02732565115437835,95.68653276259467
2026-09-16T12:27:47.682718-04:00,2026-09-16,2026-09-16T12:27:47.682718-04:00,LIVE_PROVISIONAL,GO_EARLY,GO_EARLY,1,OK,1,3,1,0,1,1,2,0,0,1,1,24.0,-55.39,-47.53,-107.209788,1631.3848589999998,1.1445296089346884,0.46642971004668365,39.02355165893072,16.31702750535132,94.6500015258789,2.864046066284182,760.010009765625,0.0034592416938632464,2026-09-16T12:25:00-04:00,710.0800170898438,0.007863342372723459,2026-09-16T12:25:00-04:00,16.809999465942383,-0.022674493005686358,95.76885083964439
2026-09-16T12:37:44.637047-04:00,2026-09-16,2026-09-16T12:37:44.637047-04:00,LIVE_PROVISIONAL,GO_EARLY,GO_EARLY,1,OK,1,3,1,0,1,1,1,0,0,0,1,24.2,-55.39,-47.53,-58.54578500000002,1698.863468,1.0725719849493633,0.4625535742342295,38.924213782436844,16.31204984008245,94.68000030517578,2.8270438728332543,759.8400268554688,0.003234809225955315,2026-09-16T12:35:00-04:00,709.97998046875,0.007721353806831255,2026-09-16T12:35:00-04:00,16.850000381469727,-0.02034885848516166,95.80177807046427
2026-09-16T12:48:04.098896-04:00,2026-09-16,2026-09-16T12:48:04.098896-04:00,LIVE_PROVISIONAL,GO_EARLY,GO_EARLY,1,OK,1,3,1,0,1,1,1,1,0,0,0,23.0,-55.39,-47.53,-90.85089100000005,1850.390317,1.1097574501086125,0.44274486266024576,39.000515198351366,16.286604144759494,94.75,3.031891067504887,760.1500244140625,0.003644106355040977,2026-09-16T12:45:00-04:00,710.489990234375,0.008445244262349494,2026-09-16T12:45:00-04:00,16.8700008392334,-0.019186041224899197,95.86763253210405
2026-09-16T12:57:19.880444-04:00,2026-09-16,2026-09-16T12:57:19.880444-04:00,LIVE_PROVISIONAL,GO_EARLY,GO_EARLY,1,OK,1,3,1,0,1,1,2,1,0,0,1,22.8,-55.39,-47.53,-98.11667799999998,1871.339033,1.1148109440289562,0.4470473358641687,39.714972527472526,16.265129546400757,94.81999969482422,2.8194145545959506,759.8499755859375,0.0032479447707556286,2026-09-16T12:55:00-04:00,710.1199951171875,0.007920085820349643,2026-09-16T12:55:00-04:00,16.790000915527344,-0.0238371993735913,95.884096147514
2026-09-16T13:09:18.592293-04:00,2026-09-16,2026-09-16T13:09:18.592293-04:00,LIVE_PROVISIONAL,GO_EARLY,GO_EARLY,1,OK,1,3,1,0,1,1,2,0,1,1,0,23.0,-55.39,-47.53,-182.05297699999994,1790.7467910000003,1.2158443026507109,0.4724631927313722,39.27958833619211,16.2879646035541,94.66999816894531,2.84382837295532,759.489990234375,0.002772647573010767,2026-09-16T13:05:00-04:00,709.5150146484375,0.0070613971900124195,2026-09-16T13:05:00-04:00,16.790000915527344,-0.0238371993735913,95.98287783997365
2026-09-16T13:15:53.823395-04:00,2026-09-16,2026-09-16T13:15:53.823395-04:00,LIVE_PROVISIONAL,GO_EARLY,GO_EARLY,1,OK,1,3,1,0,1,1,1,0,1,0,0,23.2,-55.39,-47.53,-147.053087,1859.9433980000001,1.1676860967205485,0.46447501333223545,39.03358464701851,16.31702346749468,94.69999694824219,2.9374782543182403,759.6849975585938,0.00303012036833028,2026-09-16T13:15:00-04:00,709.7100219726562,0.007338183930723385,2026-09-16T13:15:00-04:00,16.81999969482422,-0.022093084375555128,96.08165953243332
2026-09-16T13:27:03.769223-04:00,2026-09-16,2026-09-16T13:27:03.769223-04:00,LIVE_PROVISIONAL,GO_EARLY,GO_EARLY,1,OK,1,3,1,0,1,1,1,1,0,0,0,23.4,-55.39,-47.53,-170.94527399999993,2147.706881,1.1888105470298274,0.4247273493735541,39.55837042108867,16.292765953796632,94.75,3.0479126358032236,759.8300170898438,0.0032215930949905935,2026-09-16T13:25:00-04:00,709.6099853515625,0.007196195364831404,2026-09-16T13:25:00-04:00,16.8700008392334,-0.019186041224899197,96.18044122489299
2026-09-16T13:36:17.744805-04:00,2026-09-16,2026-09-16T13:36:17.744805-04:00,LIVE_PROVISIONAL,GO_EARLY,GO_EARLY,1,OK,1,3,1,0,1,1,1,1,0,0,0,23.2,-55.39,-47.53,-163.28000099999986,2336.530933,1.1742702086315044,0.40867698451427215,39.97946260482629,16.281583024660904,94.7699966430664,3.0582122154235862,759.8800048828125,0.0032875931636500155,2026-09-16T13:35:00-04:00,709.580078125,0.007153746068133904,2026-09-16T13:35:00-04:00,16.829999923706055,-0.021511675745424008,96.19690484030293
2026-09-16T13:46:23.972439-04:00,2026-09-16,2026-09-16T13:46:23.972439-04:00,LIVE_PROVISIONAL,GO_EARLY,GO_EARLY,1,OK,1,3,1,0,1,1,2,0,1,1,0,23.0,-55.39,-47.53,-204.685064,2437.2148500000003,1.2160244409502197,0.4030381029632142,39.86659825551565,16.306643975352515,94.69999694824219,3.0582122154235862,759.5999755859375,0.0029178638412943325,2026-09-16T13:45:00-04:00,709.1500244140625,0.006543342507868033,2026-09-16T13:45:00-04:00,16.780000686645508,-0.02441860800372242,96.26275930194271
2026-09-16T13:56:30.554785-04:00,2026-09-16,2026-09-16T13:56:30.554785-04:00,LIVE_PROVISIONAL,GO_EARLY,GO_EARLY,1,OK,1,3,1,0,1,1,1,0,1,0,0,23.0,-55.39,-47.53,-162.51848299999995,2486.267492,1.1626823301356193,0.403868402200632,39.572649572649574,16.321626747704173,94.9800033569336,3.0582122154235862,759.7750244140625,0.0031489849608488107,2026-09-16T13:55:00-04:00,709.6300048828125,0.007224610404253262,2026-09-16T13:55:00-04:00,16.850000381469727,-0.02034885848516166,96.31215014817253
2026-09-16T14:02:36.675781-04:00,2026-09-16,2026-09-16T14:02:36.675781-04:00,LIVE_PROVISIONAL,GO_EARLY,GO_EARLY,1,OK,1,3,1,0,1,1,1,0,0,1,0,23.8,-55.39,-47.53,-166.77574600000003,2616.526277,1.1621081088626,0.3946477169606227,38.92021185716727,16.282987405971966,94.94999694824219,3.1333610000610412,759.2100219726562,0.00240299883681927,2026-09-16T14:00:00-04:00,708.7899780273438,0.006032304954361356,2026-09-16T14:00:00-04:00,16.860000610351562,-0.019767449855030428,96.36154099440238
2026-09-16T14:08:56.124094-04:00,2026-09-16,2026-09-16T14:08:56.124094-04:00,LIVE_PROVISIONAL,GO_EARLY,GO_EARLY,1,OK,1,3,1,0,1,1,1,0,0,0,1,23.0,-55.39,-47.53,-175.97894100000008,2628.947952,1.1698298948811767,0.39305174922482466,36.64161257259993,16.277996033718793,94.9800033569336,3.1045603237152135,760.9498901367188,0.004700188039756137,2026-09-16T14:05:00-04:00,711.2183837890625,0.00947910121497686,2026-09-16T14:05:00-04:00,16.860000610351562,-0.019767449855030428,96.37800460981232
2026-09-16T14:18:02.458222-04:00,2026-09-16,2026-09-16T14:18:02.458222-04:00,LIVE_PROVISIONAL,GO_EARLY,GO_EARLY,1,OK,1,3,1,0,1,1,1,1,0,0,0,24.6,-55.39,-47.53,-156.40402400000016,2591.8615270000005,1.1437678792221753,0.4152981809860561,36.823228010247654,16.254488728164105,95.18000030517578,3.1045603237152135,759.9000244140625,0.003314025425579459,2026-09-16T14:15:00-04:00,709.8499755859375,0.007536829313024018,2026-09-16T14:15:00-04:00,16.809999465942383,-0.022674493005686358,96.39446822522227
2026-09-16T14:30:19.933415-04:00,2026-09-16,2026-09-16T14:30:19.933415-04:00,LIVE_PROVISIONAL,GO_EARLY,GO_EARLY,1,OK,1,3,1,0,1,1,1,0,0,1,0,23.2,-55.39,-47.53,-187.9793189999998,3059.185606,1.1639413388728623,0.3641823604892101,36.000682477392935,16.236453040424422,94.55000305175781,3.1045603237152135,759.8200073242188,0.003208376964025872,2026-09-16T14:30:00-04:00,709.6651000976562,0.007274423354459492,2026-09-16T14:25:00-04:00,16.690000534057617,-0.029651174782545642,96.49324991768192
2026-09-16T14:42:52.897684-04:00,2026-09-16,2026-09-16T14:42:52.897684-04:00,LIVE_PROVISIONAL,GO_EARLY,GO_EARLY,1,OK,1,3,1,0,1,1,1,0,0,1,0,21.2,-55.39,-47.53,-496.5987479999999,2862.4488949999995,1.4676666463288608,0.4081030053879318,33.78793044664167,16.065723280826674,94.61000061035156,3.1045603237152135,759.6099853515625,0.002931079972259054,2026-09-16T14:40:00-04:00,709.8800048828125,0.007579451872157028,2026-09-16T14:40:00-04:00,16.920000076293945,-0.016279108966600786,96.57556799473164
2026-09-16T14:56:18.100480-04:00,2026-09-16,2026-09-16T14:56:18.100480-04:00,LIVE_PROVISIONAL,GO_EARLY,GO_EARLY,1,OK,1,3,1,0,1,1,0,0,0,0,0,21.2,-55.39,-47.53,-622.918222,2542.4294630000004,1.5888524967768312,0.46128289756765967,31.647078862204054,15.998975094880691,95.70999908447266,3.1045603237152135,754.9000244140625,-0.0032875931636500155,2026-09-16T14:55:00-04:00,705.3599853515625,0.0011638904104700476,2026-09-16T14:55:00-04:00,16.940000534057617,-0.015116291706338436,96.65788607178136
2026-09-16T15:04:11.946034-04:00,2026-09-16,2026-09-16T15:04:11.946034-04:00,LIVE_PROVISIONAL,GO_EARLY,GO_EARLY,1,OK,1,3,1,0,1,1,2,0,1,1,0,20.4,-55.39,-47.53,-452.337303,3392.5729610000003,1.3748095794157202,0.3604247597619104,28.29417773237998,16.043901588751524,94.87000274658203,3.1045603237152135,755.25,-0.0028255120968697645,2026-09-16T15:00:00-04:00,705.9600219726562,0.002015561912169339,2026-09-16T15:00:00-04:00,16.920000076293945,-0.016279108966600786,96.7072769180112
2026-09-16T15:11:10.619828-04:00,2026-09-16,2026-09-16T15:11:10.619828-04:00,LIVE_PROVISIONAL,GO_EARLY,GO_EARLY,1,OK,1,3,1,0,1,1,1,0,0,0,1,20.8,-55.39,-47.53,-761.796061,2562.08999,1.708225706385327,0.47998784410970724,27.931914893617023,15.959724491213137,96.16000366210938,3.0275042095184306,752.1699829101562,-0.006892131711961236,2026-09-16T15:10:00-04:00,702.739990234375,-0.0025548412426624756,2026-09-16T15:10:00-04:00,17.520000457763672,0.018604632594767967,96.72374053342114
2026-09-16T15:27:42.760980-04:00,2026-09-16,2026-09-16T15:27:42.760980-04:00,LIVE_PROVISIONAL,GO_EARLY,GO_EARLY,1,OK,1,3,1,0,1,1,0,0,0,0,0,16.4,-55.39,-47.53,-1348.7750270000001,2279.384086,2.5055004714766063,0.5402527799555318,23.733424005440327,15.464100931606083,97.45999908447266,3.0275042095184306,750.1699829101562,-0.009532779147653048,2026-09-16T15:25:00-04:00,700.5900268554688,-0.005606425887902833,2026-09-16T15:25:00-04:00,18.219999313354492,0.059302238672733765,96.83898584129075
2026-09-16T15:32:49.664793-04:00,2026-09-16,2026-09-16T15:32:49.664793-04:00,LIVE_PROVISIONAL,GO_EARLY,GO_EARLY,1,OK,1,3,1,0,1,1,0,0,0,0,0,15.8,-55.39,-47.53,-1641.9020569999998,1042.8425690000004,3.0753262330005313,0.7634310545705152,23.602378929481734,15.27218361523154,98.41999816894531,3.8980094203949047,752.0504760742188,-0.007049919421894146,2026-09-16T15:30:00-04:00,702.2650146484375,-0.00322900537919224,2026-09-16T15:30:00-04:00,18.31999969482422,0.0651162140816881,96.88837668752058
2026-09-16T15:45:47.054137-04:00,2026-09-16,2026-09-16T15:45:47.054137-04:00,LIVE_PROVISIONAL,GO_EARLY,GO_EARLY,1,OK,1,3,1,0,1,1,1,1,0,0,0,18.2,-55.39,-47.53,-1915.8072100000002,530.2549809999996,3.5989808598464244,0.8757653739624239,25.40329427746646,15.100210043789431,99.05000305175781,3.9990978870391936,752.8599853515625,-0.005981105123200936,2026-09-16T15:45:00-04:00,703.6693115234375,-0.0012357943212023548,2026-09-16T15:45:00-04:00,18.309999465942383,0.0645348054515571,96.95423114916035
2026-09-16T15:51:54.159209-04:00,2026-09-16,2026-09-16T15:51:54.159209-04:00,LIVE_PROVISIONAL,GO_EARLY,GO_EARLY,1,OK,1,3,1,0,1,1,3,1,0,1,1,18.4,-55.39,-47.53,-2002.0241010000002,263.8316460000001,3.6799429742308223,0.9373449672091079,27.269641948073986,15.016871039468668,97.37000274658203,3.1533879604339594,753.6699829101562,-0.004911646135192349,2026-09-16T15:50:00-04:00,704.219970703125,-0.0004542074746627378,2026-09-16T15:50:00-04:00,18.110000610351562,0.05290696552600571,97.02008561080014
2026-09-16T15:56:35.972897-04:00,2026-09-16,2026-09-16T15:56:35.972897-04:00,LIVE_PROVISIONAL,GO_EARLY,GO_EARLY,1,OK,1,3,1,0,1,1,3,1,1,1,0,18.8,-55.39,-47.53,-1992.052901,1027.7706699999999,3.436875849193358,0.7804032653883456,28.125530110262936,15.085167513409033,96.80000305175781,3.550875440597538,754.0599975585938,-0.004396700544552989,2026-09-16T15:55:00-04:00,704.239990234375,-0.00042579243524076826,2026-09-16T15:55:00-04:00,17.889999389648438,0.04011619744783457,97.05301284162002
2026-09-16T16:01:23.641002-04:00,2026-09-16,2026-09-16T16:01:23.641002-04:00,CLOSE_SETTLING,GO_EARLY,GO_EARLY,1,OK,1,3,1,0,1,1,2,1,1,0,0,19.8,-55.39,-47.53,-1918.6981179999998,1183.6420009999997,3.1740400354323888,0.7531985077058858,29.072724190540768,15.114278301265244,96.86000061035156,3.8135147209167513,754.030029296875,-0.004436268351282857,2026-09-16T15:55:00-04:00,704.75,0.00029809802027735977,2026-09-16T15:55:00-04:00,17.829999923706055,0.036627856559404925,97.11886730325979
2026-09-16T16:07:51.709477-04:00,2026-09-16,2026-09-16T16:07:51.709477-04:00,CLOSE_SETTLING,GO_EARLY,GO_EARLY,1,OK,1,3,1,0,1,1,2,0,1,1,0,19.8,-55.39,-47.53,-1941.730216,1414.230606,3.1399424708171995,0.7150539611592416,28.794037940379404,15.144072758610037,96.16000366210938,3.8135147209167513,754.030029296875,-0.004436268351282857,2026-09-16T15:55:00-04:00,704.75,0.00029809802027735977,2026-09-16T15:55:00-04:00,17.670000076293945,0.027325540262020942,97.20118538030952
2026-09-16T16:16:58.234042-04:00,2026-09-16,2026-09-16T16:16:58.234042-04:00,MARKET_CLOSED_FINAL,GO_EARLY,GO_EARLY,1,OK,1,3,1,0,1,1,3,1,1,1,0,19.8,-55.39,-47.53,-1702.2289619999997,1622.5937300000005,2.4283208472396667,0.6922644417692546,28.80839539607312,15.377999060858883,95.30000305175781,3.8135147209167513,754.0700073242188,-0.004383484413588157,2026-09-16T15:55:00-04:00,704.75,0.00029809802027735977,2026-09-16T15:55:00-04:00,17.559999465942383,0.02093015622293537,97.26703984194928
2026-09-16T16:30:50.554913-04:00,2026-09-16,2026-09-16T16:30:50.554913-04:00,MARKET_CLOSED_FINAL,GO_EARLY,GO_EARLY,1,OK,1,3,1,0,1,1,2,0,1,0,1,19.8,-55.39,-47.53,-1849.6383,1584.3427029999998,2.497357616819211,0.7036010093420129,28.50372376438727,15.381266310422902,95.30000305175781,3.209654182434088,754.0700073242188,-0.004383484413588157,2026-09-16T15:55:00-04:00,704.75,0.00029809802027735977,2026-09-16T15:55:00-04:00,17.709999084472656,0.029651063890188123,97.26703984194928
2026-09-16T16:40:35.578516-04:00,2026-09-16,2026-09-16T16:40:35.578516-04:00,MARKET_CLOSED_FINAL,GO_EARLY,GO_EARLY,1,OK,1,3,1,0,1,1,0,0,0,0,0,19.8,-55.39,-47.53,-1849.6383,1584.3427,2.4973576588468807,0.7036010168252167,28.50372376438727,15.381266310422902,95.30000305175781,3.3939022178649885,754.0700073242188,-0.004383484413588157,2026-09-16T15:55:00-04:00,704.75,0.00029809802027735977,2026-09-16T15:55:00-04:00,17.709999084472656,0.029651063890188123,97.26703984194928
2026-09-17T09:45:06.167326-04:00,2026-09-17,2026-09-17T09:45:06.167326-04:00,LIVE_PROVISIONAL,GO_EARLY,GO_EARLY,0,DEGRADED,1,2,1,0,1,0,1,0,0,1,0,21.8,-56.23,-49.31,-2242.533,1601.2329,2.5237374415815816,0.7214749931344261,45.78833693304536,15.32440993581146,90.61,,760.8400268554688,0.009004759859984501,2026-09-17T09:45:00-04:00,714.2000122070312,0.013452210662410646,2026-09-17T09:45:00-04:00,15.430000305175781,-0.1287407621209804,83.82159315339038
2026-09-17T09:56:23.548576-04:00,2026-09-17,2026-09-17T09:56:23.548576-04:00,LIVE_PROVISIONAL,GO_EARLY,GO_EARLY,1,OK,1,3,1,0,1,1,2,0,1,1,0,22.8,-56.23,-49.31,136.125586,1775.863533,0.1938936192991477,0.10723227769584245,45.590107292234954,18.165902842876633,90.62000274658203,2.6141858940124525,761.1099853515625,0.009362771265679193,2026-09-17T09:55:00-04:00,714.9500122070312,0.014516463175719752,2026-09-17T09:55:00-04:00,15.760000228881836,-0.11010722509299808,90.50362080315998
2026-09-17T10:07:31.427903-04:00,2026-09-17,2026-09-17T10:07:31.427903-04:00,LIVE_PROVISIONAL,GO_EARLY,GO_EARLY,1,OK,1,3,1,0,1,1,2,0,0,1,1,21.6,-56.23,-49.31,181.487933,1987.7115669999998,0.27867961517149,0.1260020435217011,43.228699551569505,17.374822639906853,90.02999877929688,2.3093946304321267,760.20361328125,0.008160765980903095,2026-09-17T10:05:00-04:00,714.4598999023438,0.013820992172963287,2026-09-17T10:05:00-04:00,15.699999809265137,-0.11349516539330584,91.75444371296906
2026-09-17T10:15:07.175368-04:00,2026-09-17,2026-09-17T10:15:07.175368-04:00,LIVE_PROVISIONAL,GO_EARLY,GO_EARLY,1,OK,1,3,1,0,1,1,2,1,0,1,0,20.4,-56.23,-49.31,250.55073700000003,2173.611729,0.2804105808048032,0.13802652315908323,43.688801851522165,17.348513097444354,90.01000213623047,2.4715176429748533,761.1400146484375,0.009402595279154546,2026-09-17T10:10:00-04:00,715.8699951171875,0.01582192200816679,2026-09-17T10:15:00-04:00,15.739999771118164,-0.11123655647626207,92.4456879526004
2026-09-17T10:32:18.094278-04:00,2026-09-17,2026-09-17T10:32:18.094278-04:00,LIVE_PROVISIONAL,GO_EARLY,GO_EARLY,1,OK,1,3,1,0,1,1,2,1,0,1,0,21.2,-56.23,-49.31,308.339117,2464.004767,0.3472195195853018,0.16323022063086123,45.484891075193254,17.157343674828525,88.87999725341797,2.4715176429748533,761.72998046875,0.010184991446336111,2026-09-17T10:30:00-04:00,716.0250244140625,0.01604190909994796,2026-09-17T10:30:00-04:00,15.779999732971191,-0.1089779475592183,93.68005266622778
2026-09-17T10:47:07.087208-04:00,2026-09-17,2026-09-17T10:47:07.087208-04:00,LIVE_PROVISIONAL,GO_EARLY,GO_EARLY,1,OK,1,3,1,0,1,1,2,0,1,1,0,21.2,-56.23,-49.31,403.61218799999995,2836.159301,0.32837334610232993,0.14270672462212777,45.47202797202797,17.287325475451183,89.12000274658203,2.4715176429748533,761.4000244140625,0.009747412956807588,2026-09-17T10:45:00-04:00,715.6500244140625,0.015509782843293296,2026-09-17T10:45:00-04:00,15.720000267028809,-0.11236583401004185,94.14088215931534
2026-09-17T10:52:09.283531-04:00,2026-09-17,2026-09-17T10:52:09.283531-04:00,LIVE_PROVISIONAL,GO_EARLY,GO_EARLY,1,OK,1,3,1,0,1,1,2,1,0,1,0,21.0,-56.23,-49.31,424.57494699999995,2977.18923,0.3570041273896207,0.14826850730578117,45.991634715928896,17.27208993933715,89.0199966430664,2.4715176429748533,761.1199951171875,0.009376045936837718,2026-09-17T10:50:00-04:00,715.530029296875,0.015339509369891147,2026-09-17T10:50:00-04:00,15.6899995803833,-0.11405983108493789,94.4371296905859
2026-09-17T11:00:47.881892-04:00,2026-09-17,2026-09-17T11:00:47.881892-04:00,LIVE_PROVISIONAL,GO_EARLY,GO_EARLY,1,OK,1,3,1,0,1,1,1,0,0,1,0,20.4,-56.23,-49.31,451.70625900000005,3086.426372,0.36767794345656857,0.14900303170862494,44.54308093994778,17.236709645385957,88.79000091552734,2.4715176429748533,760.75,0.008885368762675094,2026-09-17T11:00:00-04:00,715.1749877929688,0.014835704286076057,2026-09-17T10:55:00-04:00,15.670000076293945,-0.11518910861871767,94.5523370638578
2026-09-17T11:04:29.075562-04:00,2026-09-17,2026-09-17T11:04:29.075562-04:00,LIVE_PROVISIONAL,GO_EARLY,GO_EARLY,1,OK,1,3,1,0,1,1,2,0,1,1,0,20.6,-56.23,-49.31,511.291725,3168.190361,0.33623692252792486,0.15232337071654828,44.28397424743344,17.294715861334453,88.77999877929688,2.4715176429748533,760.72998046875,0.008858819420358266,2026-09-17T11:00:00-04:00,715.1699829101562,0.014828602340593466,2026-09-17T11:00:00-04:00,15.760000228881836,-0.11010722509299808,94.5852534562212
2026-09-17T11:18:18.837700-04:00,2026-09-17,2026-09-17T11:18:18.837700-04:00,LIVE_PROVISIONAL,GO_EARLY,GO_EARLY,1,OK,1,3,1,0,1,1,2,1,0,1,0,21.0,-56.23,-49.31,507.665176,3299.5922,0.3786535472996511,0.16387845528277706,44.48689008508422,17.225274623306376,89.31999969482422,2.4715176429748533,761.3150024414062,0.009634659195077333,2026-09-17T11:15:00-04:00,715.469970703125,0.015254286024098729,2026-09-17T11:15:00-04:00,15.890000343322754,-0.10276673265023473,94.78275181040158
2026-09-17T11:29:06.430917-04:00,2026-09-17,2026-09-17T11:29:06.430917-04:00,LIVE_PROVISIONAL,GO_EARLY,GO_EARLY,1,OK,1,3,1,0,1,1,2,1,0,1,0,21.2,-56.23,-49.31,569.4493110000001,3397.9960910000004,0.37809057753597475,0.17129791954227747,45.161848710403326,17.16423728384497,89.25,2.4715176429748533,761.6400146484375,0.01006568129214358,2026-09-17T11:25:00-04:00,715.9691162109375,0.01596257517236066,2026-09-17T11:25:00-04:00,15.850000381469727,-0.1050253415672785,95.07899934167216
2026-09-17T11:43:14.471649-04:00,2026-09-17,2026-09-17T11:43:14.471649-04:00,LIVE_PROVISIONAL,GO_EARLY,GO_EARLY,1,OK,1,3,1,0,1,1,2,1,0,1,0,21.0,-56.23,-49.31,686.6614749999999,3548.1402329999996,0.3320964057560109,0.17234616577099285,45.8693397856896,14.141685745480544,89.25,2.4715176429748533,762.4400024414062,0.011126602724302437,2026-09-17T11:40:00-04:00,716.5449829101562,0.016779731948326937,2026-09-17T11:40:00-04:00,15.8100004196167,-0.10728395048432227,95.22712310730745
2026-09-17T11:52:49.332849-04:00,2026-09-17,2026-09-17T11:52:49.332849-04:00,LIVE_PROVISIONAL,GO_EARLY,GO_EARLY,1,OK,1,3,1,0,1,1,3,1,1,1,0,21.2,-56.23,-49.31,716.523391,3734.957628,0.34979742095861216,0.16744167179640984,46.094154164511124,14.150691822628659,89.02999877929688,2.4715176429748533,762.3474731445312,0.011003892959203565,2026-09-17T11:50:00-04:00,716.6041259765625,0.01686365615775043,2026-09-17T11:50:00-04:00,15.710000038146973,-0.1129304997016739,95.44107965766952
2026-09-17T12:02:42.443265-04:00,2026-09-17,2026-09-17T12:02:42.443265-04:00,LIVE_PROVISIONAL,GO_EARLY,GO_EARLY,1,OK,1,3,1,0,1,1,3,1,1,1,0,21.8,-56.23,-49.31,824.6343579999999,3836.8889870000003,0.311681858607385,0.17024281053923224,46.24526352049604,14.207425769174904,88.94000244140625,2.4715176429748533,762.4199829101562,0.011100053381985608,2026-09-17T12:00:00-04:00,716.489990234375,0.016701697157108564,2026-09-17T12:00:00-04:00,15.680000305175781,-0.11462444292708562,95.5562870309414
2026-09-17T12:09:46.735994-04:00,2026-09-17,2026-09-17T12:09:46.735994-04:00,LIVE_PROVISIONAL,GO_EARLY,GO_EARLY,1,OK,1,3,1,0,1,1,3,1,0,1,1,21.8,-56.23,-49.31,748.6990949999999,3839.713131,0.3688701523750932,0.178747396660929,46.41873278236915,14.173696286875739,88.93000030517578,2.4570219383239738,762.47998046875,0.01117962046581944,2026-09-17T12:05:00-04:00,716.603515625,0.016862790066837885,2026-09-17T12:05:00-04:00,15.65999984741211,-0.11575377431034961,95.58920342330481
2026-09-17T12:19:43.260914-04:00,2026-09-17,2026-09-17T12:19:43.260914-04:00,LIVE_PROVISIONAL,GO_EARLY,GO_EARLY,1,OK,1,3,1,0,1,1,3,1,0,1,1,21.6,-56.23,-49.31,821.727365,3880.8998870000005,0.3471860399888788,0.18581392882977738,46.84110862454811,14.173191745049834,88.72000122070312,2.372717971801758,762.3800048828125,0.011047035640468383,2026-09-17T12:15:00-04:00,716.5889892578125,0.01684217710311997,2026-09-17T12:15:00-04:00,15.649999618530273,-0.11631844000198166,95.6056616194865
2026-09-17T12:31:28.862311-04:00,2026-09-17,2026-09-17T12:31:28.862311-04:00,LIVE_PROVISIONAL,GO_EARLY,GO_EARLY,1,OK,1,3,1,0,1,1,2,1,0,1,0,21.8,-56.23,-49.31,861.193037,3917.987569,0.3487375385342606,0.19468797992955142,47.08512467755804,14.170740471820665,88.55999755859375,2.4837245521545426,762.4400024414062,0.011126602724302437,2026-09-17T12:30:00-04:00,716.7000122070312,0.016999719040107886,2026-09-17T12:30:00-04:00,15.640000343322754,-0.1168830518441294,95.7044107965767
2026-09-17T12:40:24.226481-04:00,2026-09-17,2026-09-17T12:40:24.226481-04:00,LIVE_PROVISIONAL,GO_EARLY,GO_EARLY,1,OK,1,3,1,0,1,1,2,0,0,1,1,21.8,-56.23,-49.31,944.519282,3970.742303,0.325225809394568,0.20171091241155212,46.650468587296075,14.164075331605133,88.48999786376953,2.416014352798465,762.1500244140625,0.010742041976290917,2026-09-17T12:35:00-04:00,716.3499755859375,0.01650301590177561,2026-09-17T12:40:00-04:00,15.600000381469727,-0.11914166076117327,94.83212639894667
2026-09-17T12:50:53.232574-04:00,2026-09-17,2026-09-17T12:50:53.232574-04:00,LIVE_PROVISIONAL,GO_EARLY,GO_EARLY,1,OK,1,3,1,0,1,1,2,1,0,1,0,22.2,-56.23,-49.31,1003.3409399999999,4034.5859960000003,0.31453861517788684,0.2022251010599088,46.86695278969957,14.15078250916973,88.37999725341797,2.475904500961304,762.4099731445312,0.011086778710827083,2026-09-17T12:50:00-04:00,716.6699829101562,0.0169571073672119,2026-09-17T12:50:00-04:00,15.649999618530273,-0.11631844000198166,95.86899275839367
2026-09-17T13:04:00.462990-04:00,2026-09-17,2026-09-17T13:04:00.462990-04:00,LIVE_PROVISIONAL,GO_EARLY,GO_EARLY,1,OK,1,3,1,0,1,1,1,0,0,1,0,22.0,-56.23,-49.31,1024.333429,4142.188171,0.3270986824849412,0.2015536219080979,45.85048010973937,14.124561352399041,87.98999786376953,2.475904500961304,762.4199829101562,0.011100053381985608,2026-09-17T13:00:00-04:00,716.75,0.01707065188584367,2026-09-17T13:00:00-04:00,15.5600004196167,-0.12140026967821704,95.98420013166556
2026-09-17T13:09:03.598367-04:00,2026-09-17,2026-09-17T13:09:03.598367-04:00,LIVE_PROVISIONAL,GO_EARLY,GO_EARLY,1,OK,1,3,1,0,1,1,4,1,1,1,1,21.8,-56.23,-49.31,1104.430943,4159.970717,0.3075090032186022,0.2057012995668652,46.12615701062736,14.142674356044978,87.98999786376953,2.436804244995118,762.489990234375,0.011192895136977965,2026-09-17T13:05:00-04:00,716.8483276367188,0.0172101791318513,2026-09-17T13:05:00-04:00,15.550000190734863,-0.12196493536984898,96.01711652402896
2026-09-17T13:16:19.817029-04:00,2026-09-17,2026-09-17T13:16:19.817029-04:00,LIVE_PROVISIONAL,GO_EARLY,GO_EARLY,1,OK,1,3,1,0,1,1,2,1,0,1,0,22.0,-56.23,-49.31,1079.947066,4189.0175659999995,0.3263747087193475,0.20705031051300718,46.18019869818431,14.131488021937841,88.33000183105469,2.436804244995118,762.219970703125,0.01083480278816662,2026-09-17T13:15:00-04:00,716.5,0.016715901048073967,2026-09-17T13:15:00-04:00,15.600000381469727,-0.11914166076117327,96.08294930875576
2026-09-17T13:26:51.368626-04:00,2026-09-17,2026-09-17T13:26:51.368626-04:00,LIVE_PROVISIONAL,GO_EARLY,GO_EARLY,1,OK,1,3,1,0,1,1,1,0,0,1,0,21.8,-56.23,-49.31,1200.7144039999998,4289.784171,0.2989262402063238,0.20742277560086023,46.14332136138191,14.117739544651798,88.18000030517578,2.4915446033477813,761.8499755859375,0.010344125614004218,2026-09-17T13:25:00-04:00,716.2476806640625,0.016357859064836555,2026-09-17T13:25:00-04:00,15.609999656677246,-0.11857704891902543,96.23107307439105
2026-09-17T13:39:23.424935-04:00,2026-09-17,2026-09-17T13:39:23.424935-04:00,LIVE_PROVISIONAL,GO_EARLY,GO_EARLY,1,OK,1,3,1,0,1,1,2,1,0,1,0,22.2,-56.23,-49.31,1187.47838,4289.420082000001,0.3184243799034221,0.21731168635438305,46.302305721605464,14.078701605053709,88.86000061035156,2.4915446033477813,762.2000122070312,0.010808334388966445,2026-09-17T13:35:00-04:00,716.260009765625,0.016375354101269668,2026-09-17T13:35:00-04:00,15.630000114440918,-0.11744771753576144,96.36273864384464
2026-09-17T13:46:13.114977-04:00,2026-09-17,2026-09-17T13:46:13.114977-04:00,LIVE_PROVISIONAL,GO_EARLY,GO_EARLY,1,OK,1,3,1,0,1,1,3,1,1,1,0,21.8,-56.23,-49.31,1232.749146,4333.059782,0.31092508143004205,0.21719667445700414,46.312734721748036,14.089553325816155,88.87000274658203,2.492116802215574,762.5250244140625,0.011239356486032692,2026-09-17T13:45:00-04:00,716.625,0.016893276466958707,2026-09-17T13:45:00-04:00,15.65999984741211,-0.11575377431034961,96.41211323238973
2026-09-17T13:50:56.089873-04:00,2026-09-17,2026-09-17T13:50:56.089873-04:00,LIVE_PROVISIONAL,GO_EARLY,GO_EARLY,1,OK,1,3,1,0,1,1,3,1,1,1,0,22.0,-56.23,-49.31,1286.879226,4425.115289,0.3025389822222761,0.21271428839049764,46.493772393789456,14.08999643748757,88.93000030517578,2.492116802215574,762.4600219726562,0.011153152066619487,2026-09-17T13:45:00-04:00,716.3900146484375,0.01655983146563722,2026-09-17T13:50:00-04:00,15.59000015258789,-0.11970632645280521,96.46148782093482
2026-09-17T14:00:25.884470-04:00,2026-09-17,2026-09-17T14:00:25.884470-04:00,LIVE_PROVISIONAL,GO_EARLY,GO_EARLY,1,OK,1,3,1,0,1,1,3,1,1,1,0,22.2,-56.23,-49.31,1322.271519,4493.065358,0.3055655411945427,0.21308334795199924,46.574642126789364,14.1156169067266,88.70999908447266,2.492116802215574,762.5900268554688,0.011325560905445897,2026-09-17T14:00:00-04:00,716.6649780273438,0.016950005421729086,2026-09-17T14:00:00-04:00,15.579999923706055,-0.12027099214443726,96.57669519420672
2026-09-17T14:06:25.973721-04:00,2026-09-17,2026-09-17T14:06:25.973721-04:00,LIVE_PROVISIONAL,GO_EARLY,GO_EARLY,1,OK,1,3,1,0,1,1,3,1,1,1,0,22.6,-56.23,-49.31,1304.876031,4544.585557,0.3149824530364297,0.2100062636884361,46.69505962521295,14.116784979651854,88.69000244140625,2.492116802215574,762.75,0.011537712814631007,2026-09-17T14:05:00-04:00,716.7100219726562,0.01701392293107329,2026-09-17T14:05:00-04:00,15.59000015258789,-0.11970632645280521,96.60961158657011
2026-09-17T14:17:57.942101-04:00,2026-09-17,2026-09-17T14:17:57.942101-04:00,LIVE_PROVISIONAL,GO_EARLY,GO_EARLY,1,OK,1,3,1,0,1,1,2,0,1,1,0,22.8,-56.23,-49.31,1368.773118,4568.543303,0.303133150501335,0.2137951800338022,46.65418014643283,14.122080979716443,88.55000305175781,2.492116802215574,762.7999877929688,0.011604005227306535,2026-09-17T14:15:00-04:00,716.3200073242188,0.01646049083797063,2026-09-17T14:15:00-04:00,15.550000190734863,-0.12196493536984898,96.6589861751152
2026-09-17T14:28:52.662631-04:00,2026-09-17,2026-09-17T14:28:52.662631-04:00,LIVE_PROVISIONAL,GO_EARLY,GO_EARLY,1,OK,1,3,1,0,1,1,1,0,0,1,0,22.8,-56.23,-49.31,1458.1098699999998,4572.074607,0.29289483645737446,0.22561131692991557,46.04524579010036,14.110221575792124,88.4800033569336,2.492116802215574,762.739990234375,0.011524438143472482,2026-09-17T14:25:00-04:00,716.3499755859375,0.01650301590177561,2026-09-17T14:25:00-04:00,15.5600004196167,-0.12140026967821704,96.7577353522054
2026-09-17T14:42:14.074146-04:00,2026-09-17,2026-09-17T14:42:14.074146-04:00,LIVE_PROVISIONAL,GO_EARLY,GO_EARLY,1,OK,1,3,1,0,1,1,1,0,0,1,0,22.6,-56.23,-49.31,1546.7598119999998,4616.5550220000005,0.28121082340657466,0.22876664974748598,44.9260581336053,14.10032902277402,88.58999633789062,2.492116802215574,762.2999877929688,0.010940919214317502,2026-09-17T14:40:00-04:00,716.030029296875,0.01604901104543055,2026-09-17T14:40:00-04:00,15.539999961853027,-0.12252960106148103,96.8235681369322
2026-09-17T14:52:38.741643-04:00,2026-09-17,2026-09-17T14:52:38.741643-04:00,LIVE_PROVISIONAL,GO_EARLY,GO_EARLY,1,OK,1,3,1,0,1,1,2,0,0,1,1,22.6,-56.23,-49.31,1434.327992,4640.56958,0.3291191550567576,0.2338872584939157,44.73684210526316,14.08389826711229,88.5999984741211,2.43546911430359,762.27001953125,0.010901176143959024,2026-09-17T14:50:00-04:00,716.3400268554688,0.016488898619901438,2026-09-17T14:50:00-04:00,15.579999923706055,-0.12027099214443726,96.93877551020408
2026-09-17T15:05:25.204542-04:00,2026-09-17,2026-09-17T15:05:25.204542-04:00,LIVE_PROVISIONAL,GO_EARLY,GO_EARLY,1,OK,1,3,1,0,1,1,2,1,0,1,0,22.4,-56.23,-49.31,1346.5154430000002,4646.997003,0.3688928467063574,0.23942101500701918,45.04244482173175,14.05854457462135,88.66000366210938,2.43546911430359,762.9199829101562,0.01176313939497442,2026-09-17T15:05:00-04:00,716.6799926757812,0.016971311258177302,2026-09-17T15:05:00-04:00,15.539999961853027,-0.12252960106148103,96.93877551020408
2026-09-17T15:12:35.626931-04:00,2026-09-17,2026-09-17T15:12:35.626931-04:00,LIVE_PROVISIONAL,GO_EARLY,GO_EARLY,1,OK,1,3,1,0,1,1,2,0,1,1,0,22.6,-56.23,-49.31,1443.806395,4712.898832000001,0.34899526935037584,0.2365282065191541,44.95926680244399,14.059333775978416,88.58000183105469,2.43546911430359,762.8099975585938,0.01161727989846506,2026-09-17T15:10:00-04:00,716.6300048828125,0.01690037841244152,2026-09-17T15:10:00-04:00,15.579999923706055,-0.12027099214443726,96.97169190256749
2026-09-17T15:27:00.470437-04:00,2026-09-17,2026-09-17T15:27:00.470437-04:00,LIVE_PROVISIONAL,GO_EARLY,GO_EARLY,1,OK,1,3,1,0,1,1,1,0,0,1,0,22.2,-56.23,-49.31,1494.752532,4807.625852,0.34818903938113144,0.23985195271422957,44.03934203832457,14.04042920754128,88.22000122070312,2.43546911430359,762.5999755859375,0.011338754633487547,2026-09-17T15:25:00-04:00,716.5250244140625,0.016751410775487363,2026-09-17T15:25:00-04:00,15.5,-0.1247882099785248,97.05398288347598
2026-09-17T15:36:05.458015-04:00,2026-09-17,2026-09-17T15:36:05.458015-04:00,LIVE_PROVISIONAL,GO_EARLY,GO_EARLY,1,OK,1,3,1,0,1,1,3,1,0,1,1,22.4,-56.23,-49.31,1515.5042040000003,4855.652962,0.3545883531602091,0.2409697030760624,44.19589900016946,14.006845596776614,88.05999755859375,2.3799658241272033,762.9299926757812,0.011776414066132945,2026-09-17T15:35:00-04:00,717.1300048828125,0.017609880087980923,2026-09-17T15:35:00-04:00,15.470000267028809,-0.12648215320393663,97.11981566820278
2026-09-17T15:42:27.739273-04:00,2026-09-17,2026-09-17T15:42:27.739273-04:00,LIVE_PROVISIONAL,GO_EARLY,GO_EARLY,1,OK,1,3,1,0,1,1,1,0,0,1,0,21.0,-56.23,-49.31,1510.7418289999998,4902.527678,0.37705531737458264,0.24220800740661544,43.86113463166808,13.989336187889819,87.91000366210938,2.3799658241272033,762.8499755859375,0.011670297639982063,2026-09-17T15:40:00-04:00,716.97998046875,0.017396994941682564,2026-09-17T15:40:00-04:00,15.489999771118164,-0.12535287567015685,97.18564845292957
2026-09-17T15:53:21.206014-04:00,2026-09-17,2026-09-17T15:53:21.206014-04:00,LIVE_PROVISIONAL,GO_EARLY,GO_EARLY,1,OK,1,3,1,0,1,1,1,0,0,1,0,21.4,-56.23,-49.31,1501.9367459999999,4932.42124,0.38373821930965113,0.24787892783207616,43.73518455807653,13.95400903450873,87.9800033569336,2.3799658241272033,763.3200073242188,0.012293640582612397,2026-09-17T15:50:00-04:00,717.72998046875,0.01846124745499189,2026-09-17T15:50:00-04:00,15.460000038146973,-0.12704681889556857,97.20210664911126
2026-09-17T16:00:19.732605-04:00,2026-09-17,2026-09-17T16:00:19.732605-04:00,CLOSE_SETTLING,GO_EARLY,GO_EARLY,1,OK,1,3,1,0,1,1,2,0,1,1,0,21.8,-56.23,-49.31,1533.962164,4942.76077,0.3913281632813474,0.25506412090766023,43.49957734573119,13.958000826037278,87.87000274658203,2.4223085403442397,762.89892578125,0.011735214019671592,2026-09-17T15:55:00-04:00,716.8699951171875,0.017240925359245818,2026-09-17T15:55:00-04:00,15.470000267028809,-0.12648215320393663,97.35023041474655
2026-09-17T16:17:43.314424-04:00,2026-09-17,2026-09-17T16:17:43.314424-04:00,MARKET_CLOSED_FINAL,GO_EARLY,GO_EARLY,1,OK,1,3,1,0,1,1,1,0,0,1,0,21.6,-56.23,-49.31,1536.7188840000001,2760.1198369999997,0.4243899198639478,0.5176164416810716,43.33164727701905,13.953931903286232,87.76000213623047,2.4223085403442397,762.6799926757812,0.011444871059638428,2026-09-17T15:55:00-04:00,716.8699951171875,0.017240925359245818,2026-09-17T15:55:00-04:00,15.460000038146973,-0.12704681889556857,97.61356155365371
2026-09-17T16:28:22.108395-04:00,2026-09-17,2026-09-17T16:28:22.108395-04:00,MARKET_CLOSED_FINAL,GO_EARLY,GO_EARLY,1,OK,1,3,1,0,1,1,1,0,0,1,0,21.6,-56.23,-49.31,1555.6510620000001,5200.549611,0.45190904859428765,0.2701967549190715,43.10053981106613,13.901634660277182,87.76000213623047,2.4223085403442397,762.6799926757812,0.011444871059638428,2026-09-17T15:55:00-04:00,716.8699951171875,0.017240925359245818,2026-09-17T15:55:00-04:00,15.40999984741211,-0.1298700935042444,97.56418696510862
2026-09-17T16:38:51.983596-04:00,2026-09-17,2026-09-17T16:38:51.983596-04:00,MARKET_CLOSED_FINAL,GO_EARLY,GO_EARLY,1,OK,1,3,1,0,1,1,2,1,0,1,0,21.6,-56.23,-49.31,1555.6511,5200.5496,0.4519090574023515,0.2701967560530641,43.11740890688259,13.901634660277182,87.76000213623047,2.4223085403442397,762.6799926757812,0.011444871059638428,2026-09-17T15:55:00-04:00,716.8699951171875,0.017240925359245818,2026-09-17T15:55:00-04:00,15.4399995803833,-0.12817615027883267,97.56418696510862
2026-09-18T09:40:31.866948-04:00,2026-09-18,2026-09-18T09:40:31.866948-04:00,LIVE_PROVISIONAL,GO_EARLY,GO_EARLY,0,DEGRADED,1,2,0,1,1,0,0,0,0,0,0,20.8,-31.61,-22.63,1742.4793,5516.0258,0.4811979269463773,0.27962032982368856,41.44750683778666,13.855696900084197,87.96,,760.9100952148438,-0.0022159460073354342,2026-09-18T09:35:00-04:00,719.2100219726562,0.003194274280379439,2026-09-18T09:40:00-04:00,15.430000305175781,-0.0006476214688647675,78.2129340134935
2026-09-18T09:51:59.475322-04:00,2026-09-18,2026-09-18T09:51:59.475322-04:00,LIVE_PROVISIONAL,GO_EARLY,GO_EARLY,0,DEGRADED,1,2,0,1,1,0,0,0,0,0,0,20.2,-31.61,-22.63,-96.830383,725.847323,1.9609715498069644,0.33186198554845786,41.09838152391344,13.053743284353075,88.54000091552734,,760.3300170898438,-0.0029766044699249816,2026-09-18T09:50:00-04:00,718.3499755859375,0.001994633585154837,2026-09-18T09:50:00-04:00,15.3100004196167,-0.008419634993498737,90.48872799078492
2026-09-18T09:59:50.138287-04:00,2026-09-18,2026-09-18T09:59:50.138287-04:00,LIVE_PROVISIONAL,GO_EARLY,GO_EARLY,0,DEGRADED,1,2,0,1,1,0,1,0,0,1,0,19.8,-31.61,-22.63,-227.098678,608.926902,3.41847874628825,0.46012953669551626,39.74428236989015,12.742677563638964,88.38999938964844,,759.6799926757812,-0.0038289837446070507,2026-09-18T09:55:00-04:00,717.8350219726562,0.0012763475482795439,2026-09-18T09:55:00-04:00,15.260000228881836,-0.011657989403714542,91.37732433766661
2026-09-18T10:05:42.672082-04:00,2026-09-18,2026-09-18T10:05:42.672082-04:00,LIVE_PROVISIONAL,GO_EARLY,GO_EARLY,0,DEGRADED,1,3,0,1,1,1,0,0,0,0,0,18.8,-31.61,-22.63,-235.89053,685.6896059999999,2.834074486488871,0.4679157572275091,37.736522670474834,12.70118559261931,88.41000366210938,,759.0198974609375,-0.004694568895375673,2026-09-18T10:05:00-04:00,716.8300170898438,-0.00012548934672917955,2026-09-18T10:05:00-04:00,15.300000190734863,-0.009067318228836552,92.18364324502221
2026-09-18T10:11:55.692439-04:00,2026-09-18,2026-09-18T10:11:55.692439-04:00,LIVE_PROVISIONAL,GO_EARLY,GO_EARLY,0,DEGRADED,1,3,0,1,1,1,0,0,0,0,0,18.0,-31.61,-22.63,-277.336776,747.447084,2.88405609288908,0.464584328226375,37.36029803086748,12.688902447315556,88.6500015258789,,759.8200073242188,-0.0036453820491966216,2026-09-18T10:10:00-04:00,717.280029296875,0.0005022127926428421,2026-09-18T10:10:00-04:00,15.350000381469727,-0.005828963818620747,92.75958532170479
2026-09-18T10:25:52.016737-04:00,2026-09-18,2026-09-18T10:25:52.016737-04:00,LIVE_PROVISIONAL,GO_EARLY,GO_EARLY,1,OK,1,4,1,1,1,1,1,1,0,0,0,19.2,-31.61,-22.63,-427.60386000000005,542.1275640000001,3.7999019728857086,0.6366837692476296,39.13349771046143,12.524948633136233,89.02999877929688,2.7484618949890183,759.1500244140625,-0.00452393296921394,2026-09-18T10:25:00-04:00,716.75,-0.00023710164901002972,2026-09-18T10:25:00-04:00,15.399999618530273,-0.00259067117487799,93.43426032581867
2026-09-18T10:34:33.604703-04:00,2026-09-18,2026-09-18T10:34:33.604703-04:00,LIVE_PROVISIONAL,GO_EARLY,GO_EARLY,1,OK,1,4,1,1,1,1,1,0,1,0,0,19.8,-31.61,-22.63,-437.143017,616.856493,3.3236851563980183,0.6238251569979231,38.56014047410009,12.537535845677482,89.08999633789062,2.7484618949890183,759.1199951171875,-0.004563310490635963,2026-09-18T10:30:00-04:00,716.5,-0.0005858156003009096,2026-09-18T10:30:00-04:00,15.510000228881836,0.004533720880891101,93.71400362020734
2026-09-18T10:42:11.244886-04:00,2026-09-18,2026-09-18T10:42:11.244886-04:00,LIVE_PROVISIONAL,GO_EARLY,GO_EARLY,1,OK,1,4,1,1,1,1,4,1,1,1,1,19.4,-31.61,-22.63,-469.66219,765.071062,3.170445863308262,0.5804778558685346,38.94626290915456,12.588345482495981,88.79000091552734,2.5443776321411162,759.2899780273438,-0.004340411309416203,2026-09-18T10:40:00-04:00,716.7100219726562,-0.00029286523252947116,2026-09-18T10:40:00-04:00,15.5,0.0038860376455533974,94.01020240250124
2026-09-18T10:54:20.301138-04:00,2026-09-18,2026-09-18T10:54:20.301138-04:00,LIVE_PROVISIONAL,GO_EARLY,GO_EARLY,1,OK,1,4,1,1,1,1,2,0,0,1,1,20.0,-31.61,-22.63,-489.108751,766.7429199999999,2.9374392721595126,0.6034421087665754,38.547486033519554,12.58558215121424,88.20999908447266,2.5443776321411162,759.7750244140625,-0.0037043682957168533,2026-09-18T10:50:00-04:00,717.4749755859375,0.0007741347556367018,2026-09-18T10:50:00-04:00,15.350000381469727,-0.005828963818620747,94.25703472107948
2026-09-18T11:03:20.540162-04:00,2026-09-18,2026-09-18T11:03:20.540162-04:00,LIVE_PROVISIONAL,GO_EARLY,GO_EARLY,1,OK,1,4,1,1,1,1,2,0,1,0,1,19.8,-31.61,-22.63,-490.696159,-121.96786300000008,2.6712667870219775,1.0755461092861758,38.24194952132289,12.585590177441318,88.44000244140625,2.5443776321411162,759.6300048828125,-0.0038945329113642124,2026-09-18T11:00:00-04:00,717.2000122070312,0.00039060049036199196,2026-09-18T11:00:00-04:00,15.420000076293945,-0.0012953047042024712,94.53677801546816
2026-09-18T11:11:33.364835-04:00,2026-09-18,2026-09-18T11:11:33.364835-04:00,LIVE_PROVISIONAL,GO_EARLY,GO_EARLY,1,OK,1,4,1,1,1,1,2,0,0,1,1,19.4,-31.61,-22.63,-567.7204240000001,-47.57053599999995,3.008193040874894,1.0275492071942924,37.495652173913044,12.579975826023599,88.12000274658203,2.5443776321411162,759.8200073242188,-0.0036453820491966216,2026-09-18T11:10:00-04:00,717.1300048828125,0.0002929503677715495,2026-09-18T11:10:00-04:00,15.319999694824219,-0.0077720135246339694,94.61905545499424
2026-09-18T11:20:55.863611-04:00,2026-09-18,2026-09-18T11:20:55.863611-04:00,LIVE_PROVISIONAL,GO_EARLY,GO_EARLY,1,OK,1,4,1,1,1,1,3,0,1,1,1,20.2,-31.61,-22.63,-596.5934259999999,26.01958300000001,2.8459853216744078,0.9863983731240058,37.40670022565527,12.598468920503635,87.87999725341797,2.5443776321411162,759.7899780273438,-0.0036847595706185343,2026-09-18T11:20:00-04:00,716.9500122070312,4.188653907100104e-05,2026-09-18T11:20:00-04:00,15.3100004196167,-0.008419634993498737,94.80006582195162
2026-09-18T11:32:14.239476-04:00,2026-09-18,2026-09-18T11:32:14.239476-04:00,LIVE_PROVISIONAL,GO_EARLY,GO_EARLY,1,OK,1,4,1,1,1,1,2,1,0,0,1,20.4,-31.61,-22.63,-655.6598389999999,58.15111200000001,2.945684546377258,0.9713404951213841,37.815853236413986,12.560996571299938,87.98999786376953,2.523206274032594,759.5700073242188,-0.003973207918595456,2026-09-18T11:30:00-04:00,716.77001953125,-0.00020917728962932536,2026-09-18T11:30:00-04:00,15.350000381469727,-0.005828963818620747,95.0798091163403
2026-09-18T11:43:06.763771-04:00,2026-09-18,2026-09-18T11:43:06.763771-04:00,LIVE_PROVISIONAL,GO_EARLY,GO_EARLY,1,OK,1,4,1,1,1,1,1,1,0,0,0,20.4,-31.61,-22.63,-727.075384,1067.876167,3.125224265372407,0.595711036976908,38.15448418869881,10.843990784099034,88.0999984741211,2.523206274032594,759.3099975585938,-0.0043141596284682615,2026-09-18T11:40:00-04:00,716.6099853515625,-0.0004324018941910257,2026-09-18T11:40:00-04:00,15.220000267028809,-0.014248660578592531,95.22790850748724
2026-09-18T11:54:13.459942-04:00,2026-09-18,2026-09-18T11:54:13.459942-04:00,LIVE_PROVISIONAL,GO_EARLY,GO_EARLY,1,OK,1,4,1,1,1,1,1,0,0,1,0,19.8,-31.61,-22.63,-671.796985,1051.30671,2.562430163616709,0.6150617731068517,37.69615450939817,10.838321947243415,88.08999633789062,2.559445535659795,759.0,-0.00472066050509834,2026-09-18T11:50:00-04:00,716.3800048828125,-0.0007531914861012012,2026-09-18T11:50:00-04:00,15.300000190734863,-0.009067318228836552,95.42537436234984
2026-09-18T12:01:16.802606-04:00,2026-09-18,2026-09-18T12:01:16.802606-04:00,LIVE_PROVISIONAL,GO_EARLY,GO_EARLY,1,OK,1,4,1,1,1,1,1,0,1,0,0,19.8,-31.61,-22.63,-718.8419159999999,36.82939899999974,2.628854411441559,0.9839352887727689,37.51937984496124,10.856139822307398,88.25,2.559445535659795,758.8400268554688,-0.004930433845844018,2026-09-18T12:00:00-04:00,716.1799926757812,-0.001032179674182343,2026-09-18T12:00:00-04:00,15.350000381469727,-0.005828963818620747,95.52410728978114
2026-09-18T12:06:02.318222-04:00,2026-09-18,2026-09-18T12:06:02.318222-04:00,LIVE_PROVISIONAL,GO_EARLY,GO_EARLY,1,OK,1,4,1,1,1,1,0,0,0,0,0,19.8,-31.61,-22.63,-766.606151,1111.220872,2.7353429646388947,0.6138138850499737,37.373041831640556,10.841779042532394,88.55000305175781,2.659580337524417,758.9400024414062,-0.004799335512329583,2026-09-18T12:05:00-04:00,716.3900146484375,-0.0007392293064107935,2026-09-18T12:05:00-04:00,15.369999885559082,-0.004533659114418276,95.589929241402
2026-09-18T12:15:29.823781-04:00,2026-09-18,2026-09-18T12:15:29.823781-04:00,LIVE_PROVISIONAL,GO_EARLY,GO_EARLY,1,OK,1,4,1,1,1,1,0,0,0,0,0,19.2,-31.61,-22.63,-773.121232,1130.967856,2.6570702557166843,0.617531719885359,37.323701410388715,10.830917490728623,88.86000061035156,2.659580337524417,759.0,-0.00472066050509834,2026-09-18T12:15:00-04:00,716.2949829101562,-0.0008717848782272553,2026-09-18T12:10:00-04:00,15.4399995803833,0.0,95.67220668092808
2026-09-18T12:26:05.282239-04:00,2026-09-18,2026-09-18T12:26:05.282239-04:00,LIVE_PROVISIONAL,GO_EARLY,GO_EARLY,1,OK,1,4,1,1,1,1,2,1,0,1,0,19.0,-31.61,-22.63,-863.4984229999999,76.98615800000016,2.8581325994507414,0.9693658609222195,37.51288217107523,10.814042034442593,88.83000183105469,2.659580337524417,758.1199951171875,-0.0058746139682313014,2026-09-18T12:25:00-04:00,715.3380126953125,-0.0022066203377706373,2026-09-18T12:25:00-04:00,15.390000343322754,-0.0032382926437427573,95.80385058416982
2026-09-18T12:33:01.783480-04:00,2026-09-18,2026-09-18T12:33:01.783480-04:00,LIVE_PROVISIONAL,GO_EARLY,GO_EARLY,1,OK,1,4,1,1,1,1,2,1,0,1,0,18.8,-31.61,-22.63,-891.7699170000001,1118.3106539999999,2.9230296387787407,0.637643427242107,37.654532967032964,10.81175571609839,88.72000122070312,2.659961803436281,758.885009765625,-0.004871447599323786,2026-09-18T12:30:00-04:00,716.1099853515625,-0.0011298297967727855,2026-09-18T12:30:00-04:00,15.40999984741211,-0.001942987939540286,95.83676155998026
2026-09-18T12:40:04.289940-04:00,2026-09-18,2026-09-18T12:40:04.289940-04:00,LIVE_PROVISIONAL,GO_EARLY,GO_EARLY,1,OK,1,4,1,1,1,1,2,1,1,0,0,19.4,-31.61,-22.63,-901.491299,1070.190587,2.8540709977878818,0.6543398001391683,38.01922416752489,10.818151946481919,88.98999786376953,2.659961803436281,758.9600219726562,-0.0047730838313816415,2026-09-18T12:35:00-04:00,716.2996215820312,-0.0008653145998341882,2026-09-18T12:40:00-04:00,15.539999961853027,0.006476708820431387,95.86967253579068
2026-09-18T12:46:57.032366-04:00,2026-09-18,2026-09-18T12:46:57.032366-04:00,LIVE_PROVISIONAL,GO_EARLY,GO_EARLY,1,OK,1,4,1,1,1,1,1,1,0,0,0,19.0,-31.61,-22.63,-917.536183,1078.261657,2.816801919149903,0.6570085419720977,38.38366506520247,10.816858999368549,89.16000366210938,2.659961803436281,758.9600219726562,-0.0047730838313816415,2026-09-18T12:45:00-04:00,716.2999877929688,-0.0008648037883820514,2026-09-18T12:45:00-04:00,15.479999542236328,0.00259067117487799,95.90258351160111
2026-09-18T12:55:13.266804-04:00,2026-09-18,2026-09-18T12:55:13.266804-04:00,LIVE_PROVISIONAL,GO_EARLY,GO_EARLY,1,OK,1,4,1,1,1,1,3,1,1,1,0,19.0,-31.61,-22.63,-883.035335,1089.4791450000002,2.5916771152573044,0.6616841626446336,38.67261190190362,10.825956209039816,89.0999984741211,2.659961803436281,759.4099731445312,-0.004183061294953827,2026-09-18T12:55:00-04:00,716.7100219726562,-0.00029286523252947116,2026-09-18T12:55:00-04:00,15.4399995803833,0.0,95.95194997531677
2026-09-18T13:00:06.102377-04:00,2026-09-18,2026-09-18T13:00:06.102377-04:00,LIVE_PROVISIONAL,GO_EARLY,GO_EARLY,1,OK,1,4,1,1,1,1,4,1,1,1,1,19.6,-31.61,-22.63,-891.726662,1062.0272559999999,2.5546695058612507,0.6733531231314441,38.865078004457395,10.8298018267365,88.83999633789062,2.627155735015871,759.2000122070312,-0.004458383802456778,2026-09-18T13:00:00-04:00,716.5850219726562,-0.0004672222081748556,2026-09-18T13:00:00-04:00,15.420000076293945,-0.0012953047042024712,95.9848609511272
2026-09-18T13:10:29.587158-04:00,2026-09-18,2026-09-18T13:10:29.587158-04:00,LIVE_PROVISIONAL,GO_EARLY,GO_EARLY,1,OK,1,4,1,1,1,1,2,0,1,1,0,19.4,-31.61,-22.63,-937.246609,1240.147552,2.603088020915718,0.6354350561520327,38.56433099194792,10.857494344723989,88.62999725341797,2.627155735015871,759.25,-0.004392834635699505,2026-09-18T13:10:00-04:00,716.9099731445312,-1.3962179690407694e-05,2026-09-18T13:05:00-04:00,15.399999618530273,-0.00259067117487799,96.05068290274806
2026-09-18T13:20:28.551455-04:00,2026-09-18,2026-09-18T13:20:28.551455-04:00,LIVE_PROVISIONAL,GO_EARLY,GO_EARLY,1,OK,1,4,1,1,1,1,1,0,1,0,0,19.2,-31.61,-22.63,-939.893985,1334.205235,2.5003972845646065,0.6200898421410693,38.46285518657994,10.880818196681815,88.63999938964844,2.627155735015871,759.3400268554688,-0.004274782107046349,2026-09-18T13:20:00-04:00,717.1649780273438,0.00034173286144567605,2026-09-18T13:20:00-04:00,15.390000343322754,-0.0032382926437427573,96.13296034227415
2026-09-18T13:32:35.933120-04:00,2026-09-18,2026-09-18T13:32:35.933120-04:00,LIVE_PROVISIONAL,GO_EARLY,GO_EARLY,1,OK,1,4,1,1,1,1,3,1,1,1,0,19.4,-31.61,-22.63,-1046.566386,1322.229746,2.7362591984648867,0.6292758770061224,38.7929560608651,10.881398326675097,88.61000061035156,2.627155735015871,759.3250122070312,-0.004294470867757361,2026-09-18T13:30:00-04:00,716.9400024414062,2.792435938081539e-05,2026-09-18T13:30:00-04:00,15.399999618530273,-0.00259067117487799,96.24814875761066
2026-09-18T13:40:47.058976-04:00,2026-09-18,2026-09-18T13:40:47.058976-04:00,LIVE_PROVISIONAL,GO_EARLY,GO_EARLY,1,OK,1,4,1,1,1,1,2,1,1,0,0,19.2,-31.61,-22.63,-1081.1659750000001,1453.2443979999998,2.7932822018960777,0.6033712247793219,38.892686261107315,10.887219599991553,88.73999786376953,2.627155735015871,759.6900024414062,-0.0038158579041329688,2026-09-18T13:40:00-04:00,717.4000244140625,0.0006695886784431337,2026-09-18T13:40:00-04:00,15.380000114440918,-0.003885975879080572,96.29751522132631
2026-09-18T13:48:59.704583-04:00,2026-09-18,2026-09-18T13:48:59.704583-04:00,LIVE_PROVISIONAL,GO_EARLY,GO_EARLY,1,OK,1,4,1,1,1,1,2,1,1,0,0,19.2,-31.61,-22.63,-1066.939905,1463.8677319999997,2.7162463085616726,0.6064646890646688,39.09106441141295,10.888524749745642,88.7699966430664,2.627155735015871,759.6799926757812,-0.0038289837446070507,2026-09-18T13:45:00-04:00,717.47998046875,0.0007811158454820166,2026-09-18T13:45:00-04:00,15.380000114440918,-0.003885975879080572,96.31397070923154
2026-09-18T13:59:37.641954-04:00,2026-09-18,2026-09-18T13:59:37.641954-04:00,LIVE_PROVISIONAL,GO_EARLY,GO_EARLY,1,OK,1,4,1,1,1,1,3,1,1,1,0,19.6,-31.61,-22.63,-1307.4919490000002,1458.058089,3.355555427563084,0.6160678171580732,39.37532002048131,10.901430942320431,88.3499984741211,2.627155735015871,759.8499755859375,-0.0036060845633872907,2026-09-18T13:55:00-04:00,717.60498046875,0.0009554728211274011,2026-09-18T13:55:00-04:00,15.270000457763672,-0.011010306168376727,96.41270363666283
2026-09-18T14:07:50.169190-04:00,2026-09-18,2026-09-18T14:07:50.169190-04:00,LIVE_PROVISIONAL,GO_EARLY,GO_EARLY,1,OK,1,4,1,1,1,1,3,1,1,1,0,19.6,-31.61,-22.63,-1300.855521,1468.6832200000003,3.2528066559670767,0.6163515877703556,39.38566552901024,10.904170820163728,88.20999908447266,2.627155735015871,759.8099975585938,-0.0036585078896705925,2026-09-18T14:05:00-04:00,717.4450073242188,0.000732333351807668,2026-09-18T14:05:00-04:00,15.260000228881836,-0.011657989403714542,96.42915912456805
2026-09-18T14:18:43.494811-04:00,2026-09-18,2026-09-18T14:18:43.494811-04:00,LIVE_PROVISIONAL,GO_EARLY,GO_EARLY,1,OK,1,4,1,1,1,1,2,0,1,1,0,20.4,-31.61,-22.63,-1147.927815,1484.7352339999998,2.673429252350934,0.620346114258236,39.341746248294676,10.920165863664693,88.1500015258789,2.627155735015871,759.97998046875,-0.0034356087084509435,2026-09-18T14:15:00-04:00,717.5,0.00080904020486261,2026-09-18T14:15:00-04:00,15.239999771118164,-0.012953355874389949,96.4949810761889
2026-09-18T14:29:36.826668-04:00,2026-09-18,2026-09-18T14:29:36.826668-04:00,LIVE_PROVISIONAL,GO_EARLY,GO_EARLY,1,OK,1,4,1,1,1,1,3,1,1,1,0,20.6,-31.61,-22.63,-1099.452552,1473.5595320000002,2.4632436146663004,0.6281087004472387,39.587593728698025,10.939018947202186,88.05000305175781,2.627155735015871,760.4099731445312,-0.002871757817358378,2026-09-18T14:25:00-04:00,717.9201049804688,0.0013950260756476762,2026-09-18T14:25:00-04:00,15.239999771118164,-0.012953355874389949,96.56080302780977
2026-09-18T14:39:51.230031-04:00,2026-09-18,2026-09-18T14:39:51.230031-04:00,LIVE_PROVISIONAL,GO_EARLY,GO_EARLY,1,OK,1,4,1,1,1,1,2,1,0,1,0,20.4,-31.61,-22.63,-1125.8960809999999,1504.7438000000002,2.440552148581924,0.6275244241044942,39.83989098960995,10.933549149493317,87.9000015258789,2.627155735015871,760.3554077148438,-0.0029433096550640636,2026-09-18T14:35:00-04:00,717.9650268554688,0.0014576856137702432,2026-09-18T14:35:00-04:00,15.170000076293945,-0.017487014988808225,96.61016949152543
2026-09-18T14:52:15.580139-04:00,2026-09-18,2026-09-18T14:52:15.580139-04:00,LIVE_PROVISIONAL,GO_EARLY,GO_EARLY,1,OK,1,4,1,1,1,1,3,1,1,0,1,20.2,-31.61,-22.63,-1168.638812,1480.0038789999999,2.4848652593821874,0.6336735516651301,40.41177471499064,10.940602762159969,87.91999816894531,2.1934289932250968,761.2977294921875,-0.0017076398314194163,2026-09-18T14:50:00-04:00,719.010009765625,0.002915286092298297,2026-09-18T14:50:00-04:00,15.100000381469727,-0.0220206741032265,96.70890241895673
2026-09-18T14:59:12.590834-04:00,2026-09-18,2026-09-18T14:59:12.590834-04:00,LIVE_PROVISIONAL,GO_EARLY,GO_EARLY,1,OK,1,4,1,1,1,1,1,0,1,0,0,20.4,-31.61,-22.63,-1164.8928190000001,1406.6871229999997,2.4320967907582642,0.656206534776419,40.357142857142854,10.941572837153316,87.9800033569336,2.2594225959777807,761.27001953125,-0.0017439759995607762,2026-09-18T14:55:00-04:00,719.1898803710938,0.003166179650514689,2026-09-18T14:55:00-04:00,15.039999961853027,-0.025906711748779898,96.75826888267237
2026-09-18T15:06:32.335012-04:00,2026-09-18,2026-09-18T15:06:32.335012-04:00,LIVE_PROVISIONAL,GO_EARLY,GO_EARLY,1,OK,1,4,1,1,1,1,2,0,1,1,0,20.2,-31.61,-22.63,-1218.927221,1367.8452469999997,2.5014802393433424,0.6678932808802133,39.84016323754464,10.942307842194793,87.97000122070312,2.2594225959777807,761.280029296875,-0.0017308501590868053,2026-09-18T15:05:00-04:00,719.4400024414062,0.0035150638722896144,2026-09-18T15:05:00-04:00,14.970000267028809,-0.030440370863198174,96.77472437057759
2026-09-18T15:13:15.541746-04:00,2026-09-18,2026-09-18T15:13:15.541746-04:00,LIVE_PROVISIONAL,GO_EARLY,GO_EARLY,1,OK,1,4,1,1,1,1,2,1,1,0,0,20.2,-31.61,-22.63,-1231.447629,1493.0989890000005,2.470084476580342,0.6465761519245299,40.19041142468548,10.979951766337237,88.05000305175781,2.2594225959777807,761.3200073242188,-0.0016784268328035035,2026-09-18T15:10:00-04:00,719.3900146484375,0.0034453381090797652,2026-09-18T15:10:00-04:00,14.979999542236328,-0.029792749394333407,96.7911798584828
2026-09-18T15:23:27.231703-04:00,2026-09-18,2026-09-18T15:23:27.231703-04:00,LIVE_PROVISIONAL,GO_EARLY,GO_EARLY,1,OK,1,4,1,1,1,1,2,1,0,1,0,20.6,-31.61,-22.63,-1326.168078,1469.9901420000006,2.6002434257863785,0.655436269034344,40.710521842597316,10.979060553844974,87.9800033569336,2.2594225959777807,761.10498046875,-0.001960392296156077,2026-09-18T15:20:00-04:00,719.3599853515625,0.003403451570008764,2026-09-18T15:20:00-04:00,14.949999809265137,-0.03173573733387369,96.80763534638803
2026-09-18T15:35:49.756244-04:00,2026-09-18,2026-09-18T15:35:49.756244-04:00,LIVE_PROVISIONAL,GO_EARLY,GO_EARLY,1,OK,1,4,1,1,1,1,2,0,1,1,0,20.0,-31.61,-22.63,-1368.8710939999996,1528.3088669999997,2.5806601535534353,0.6510387913938608,40.567159110205466,10.996587062019742,87.87999725341797,2.2594225959777807,760.8200073242188,-0.0023340785716011725,2026-09-18T15:35:00-04:00,719.030029296875,0.0029432104516791124,2026-09-18T15:35:00-04:00,14.989999771118164,-0.029145066158995703,96.90636827381933
2026-09-18T15:42:38.011381-04:00,2026-09-18,2026-09-18T15:42:38.011381-04:00,LIVE_PROVISIONAL,GO_EARLY,GO_EARLY,1,OK,1,4,1,1,1,1,1,0,1,0,0,20.2,-31.61,-22.63,-1335.296928,1462.547399,2.43558749690314,0.669077913415254,40.43456119504329,11.010760698749522,87.88999938964844,2.2594225959777807,761.1699829101562,-0.0018751543686879035,2026-09-18T15:40:00-04:00,719.4149780273438,0.003480158423063706,2026-09-18T15:40:00-04:00,14.979999542236328,-0.029792749394333407,96.93927924962975
2026-09-18T15:51:07.432700-04:00,2026-09-18,2026-09-18T15:51:07.432700-04:00,LIVE_PROVISIONAL,GO_EARLY,GO_EARLY,1,OK,1,4,1,1,1,1,2,1,1,0,0,20.4,-31.61,-22.63,-1422.28593,1493.5108460000001,2.545248189326685,0.666667656129445,40.777193280162905,11.018886022518387,87.91999816894531,2.2594225959777807,761.3300170898438,-0.0016653009923295325,2026-09-18T15:50:00-04:00,720.1500244140625,0.004505442142642924,2026-09-18T15:50:00-04:00,15.010000228881836,-0.027849699688320184,96.97219022544019
2026-09-18T16:01:24.776251-04:00,2026-09-18,2026-09-18T16:01:24.776251-04:00,CLOSE_SETTLING,GO_EARLY,GO_EARLY,1,OK,1,4,1,1,1,1,1,0,0,1,0,20.0,-31.61,-22.63,-1443.8274150000002,1510.151104,2.43333752287216,0.6721668389393953,40.62341182449602,11.012357602186313,87.86000061035156,2.2594225959777807,761.6400146484375,-0.0012588001156994544,2026-09-18T15:55:00-04:00,721.3599853515625,0.006193163180336025,2026-09-18T15:55:00-04:00,14.899999618530273,-0.034974091744089386,97.13674510449235
2026-09-18T16:08:04.137710-04:00,2026-09-18,2026-09-18T16:08:04.137710-04:00,CLOSE_SETTLING,GO_EARLY,GO_EARLY,1,OK,1,4,1,1,1,1,3,0,1,1,1,20.0,-31.61,-22.63,-1440.3499189999998,1674.7103060000004,2.339843413016624,0.6481011819583644,40.56476158268515,11.022582037106062,87.79000091552734,2.0725042991638145,761.6400146484375,-0.0012588001156994544,2026-09-18T15:55:00-04:00,721.3599853515625,0.006193163180336025,2026-09-18T15:55:00-04:00,14.880000114440918,-0.03626939644829197,97.31775547144973
2026-09-18T16:22:21.390820-04:00,2026-09-18,2026-09-18T16:22:21.390820-04:00,MARKET_CLOSED_FINAL,GO_EARLY,GO_EARLY,1,OK,1,4,1,1,1,1,3,0,1,1,1,20.0,-31.61,-22.63,-1852.5822010000002,1344.837359,2.658921813480224,0.7288248486095616,40.34167794316644,11.030801216237478,87.61000061035156,2.0725042991638145,761.6300048828125,-0.0012719259561734253,2026-09-18T15:55:00-04:00,721.3599853515625,0.006193163180336025,2026-09-18T15:55:00-04:00,14.819999694824219,-0.040155434093845366,97.2848444956393
2026-09-18T16:30:34.624784-04:00,2026-09-18,2026-09-18T16:30:34.624784-04:00,MARKET_CLOSED_FINAL,GO_EARLY,GO_EARLY,1,OK,1,4,1,1,1,1,1,0,0,0,1,20.0,-31.61,-22.63,-1824.568596,1370.221114,2.5024035585196382,0.7295595191172999,40.28411973617453,11.019435931565312,87.61000061035156,2.0725042991638145,761.6300048828125,-0.0012719259561734253,2026-09-18T15:55:00-04:00,721.3599853515625,0.006193163180336025,2026-09-18T15:55:00-04:00,14.8100004196167,-0.04080305556271013,97.30129998354451
2026-09-18T16:43:43.232985-04:00,2026-09-18,2026-09-18T16:43:43.232985-04:00,MARKET_CLOSED_FINAL,GO_EARLY,GO_EARLY,1,OK,1,4,1,1,1,1,2,1,0,0,1,20.0,-31.61,-22.63,-1824.568596,1370.221114,2.5024035585196382,0.7295595191172999,40.30103162523254,11.019435931565312,87.61000061035156,2.0725042991638145,761.6300048828125,-0.0012719259561734253,2026-09-18T15:55:00-04:00,721.3599853515625,0.006193163180336025,2026-09-18T15:55:00-04:00,14.8100004196167,-0.04080305556271013,97.30129998354451
2026-09-21T09:37:14.353936-04:00,2026-09-21,2026-09-21T09:37:14.353936-04:00,LIVE_PROVISIONAL,GO_EARLY,GO_EARLY,0,DEGRADED,1,1,1,0,0,0,1,0,0,1,0,23.0,-41.84,-25.05,-3844.7758,100.1989,2.5595071864618606,0.984774743812499,51.59856023713741,11.060492145489718,86.78,,766.4450073242188,0.006242703550751072,2026-09-21T09:35:00-04:00,729.1320190429688,0.010648009849548723,2026-09-21T09:35:00-04:00,14.859999656677246,0.00337604562079008,77.73206056616195
2026-09-21T09:48:27.951727-04:00,2026-09-21,2026-09-21T09:48:27.951727-04:00,LIVE_PROVISIONAL,GO_EARLY,GO_EARLY,0,DEGRADED,1,1,1,0,0,0,1,0,0,1,0,22.8,-41.84,-25.05,-3844.7758,100.1989,2.5595071864618606,0.984774743812499,49.39669574902543,11.060492145489718,86.77999877929688,,766.8900146484375,0.006826940343662047,2026-09-21T09:45:00-04:00,731.2000122070312,0.013514449837173315,2026-09-21T09:45:00-04:00,14.869999885559082,0.004051280502525234,88.66030283080974
2026-09-21T10:01:34.102628-04:00,2026-09-21,2026-09-21T10:01:34.102628-04:00,LIVE_PROVISIONAL,GO_EARLY,GO_EARLY,0,DEGRADED,1,3,1,0,1,1,1,0,1,0,0,23.0,-41.84,-25.05,96.15993699999999,1029.471885,0.40262439525775406,0.11866687065869513,48.8297302126139,11.870781900805554,87.18000030517578,,767.7000122070312,0.007890361887856523,2026-09-21T10:00:00-04:00,732.6199951171875,0.015482684484245057,2026-09-21T10:00:00-04:00,14.899999618530273,0.006076920753787851,92.11652402896642
2026-09-21T10:07:11.640012-04:00,2026-09-21,2026-09-21T10:07:11.640012-04:00,LIVE_PROVISIONAL,GO_EARLY,GO_EARLY,0,DEGRADED,1,3,1,0,1,1,2,1,0,1,0,23.8,-41.84,-25.05,61.485445,985.6504709999999,0.6996562032402995,0.24325111199364785,48.953158268275374,11.742809571306509,87.16999816894531,,767.0902709960938,0.0070898509070334015,2026-09-21T10:05:00-04:00,732.1500244140625,0.014831259305545297,2026-09-21T10:05:00-04:00,14.899999618530273,0.006076920753787851,92.75839368005266
2026-09-21T10:19:48.807305-04:00,2026-09-21,2026-09-21T10:19:48.807305-04:00,LIVE_PROVISIONAL,GO_EARLY,GO_EARLY,0,DEGRADED,1,3,1,0,1,1,2,1,0,1,0,24.2,-41.84,-25.05,67.03853899999999,1150.751564,0.7474204173395127,0.2487619886953988,49.691629955947135,11.707046472227347,86.66999816894531,,768.4249877929688,0.008842160629619844,2026-09-21T10:15:00-04:00,733.6300048828125,0.01688265641374187,2026-09-21T10:15:00-04:00,14.819999694824219,0.0006751704877925313,93.40026333113892
2026-09-21T10:30:01.616666-04:00,2026-09-21,2026-09-21T10:30:01.616666-04:00,LIVE_PROVISIONAL,GO_EARLY,GO_EARLY,1,OK,1,3,1,0,1,1,2,1,0,1,0,26.2,-41.84,-25.05,110.39810099999997,1249.820021,0.6900484659111686,0.28517424353091736,50.91799265605875,11.667646866577499,86.70999908447266,1.4858097267150872,768.9249877929688,0.009498595660140774,2026-09-21T10:30:00-04:00,734.9099731445312,0.01865681711796463,2026-09-21T10:30:00-04:00,14.729999542236328,-0.005401814659937831,94.12442396313364
2026-09-21T10:37:48.448058-04:00,2026-09-21,2026-09-21T10:37:48.448058-04:00,LIVE_PROVISIONAL,GO_EARLY,GO_EARLY,1,OK,1,3,1,0,1,1,1,0,1,0,0,25.4,-41.84,-25.05,163.958124,1512.894789,0.6164995584993042,0.24342323011577305,49.258936355710546,11.779470044041531,87.20999908447266,1.4858097267150872,769.530029296875,0.010292936536306696,2026-09-21T10:35:00-04:00,735.739990234375,0.01980730166408673,2026-09-21T10:35:00-04:00,14.75,-0.004051344896467746,94.38775510204081
2026-09-21T10:50:39.297454-04:00,2026-09-21,2026-09-21T10:50:39.297454-04:00,LIVE_PROVISIONAL,GO_EARLY,GO_EARLY,1,OK,1,3,1,0,1,1,3,1,1,1,0,25.0,-41.84,-25.05,238.41642699999994,1705.4064200000003,0.5368261574386959,0.2320860028595138,49.40093766278868,11.794351875120654,87.0199966430664,1.4858097267150872,768.9000244140625,0.009465821987352241,2026-09-21T10:50:00-04:00,734.7550048828125,0.018442016010338902,2026-09-21T10:50:00-04:00,14.770000457763672,-0.00270087513299766,94.78275181040158
2026-09-21T11:01:46.421005-04:00,2026-09-21,2026-09-21T11:01:46.421005-04:00,LIVE_PROVISIONAL,GO_EARLY,GO_EARLY,1,OK,1,3,1,0,1,1,1,0,0,1,0,24.6,-41.84,-25.05,248.22407499999997,1876.3992859999998,0.5748898226685827,0.23913025648840416,48.65005192107996,11.757811286208124,86.72000122070312,1.4858097267150872,769.2081909179688,0.009870404564146673,2026-09-21T11:00:00-04:00,735.8800048828125,0.020001375606935712,2026-09-21T11:00:00-04:00,14.699999809265137,-0.007427454911200448,95.09545753785386
2026-09-21T11:06:55.836672-04:00,2026-09-21,2026-09-21T11:06:55.836672-04:00,LIVE_PROVISIONAL,GO_EARLY,GO_EARLY,1,OK,1,3,1,0,1,1,4,1,1,1,1,24.6,-41.84,-25.05,261.17494100000005,1973.0309790000001,0.5724633941741264,0.2319557948599778,48.910034602076124,11.757888349541872,86.41999816894531,1.3709884872436544,769.4400024414062,0.010174742973072082,2026-09-21T11:05:00-04:00,736.1600952148438,0.020389608093306366,2026-09-21T11:05:00-04:00,14.630000114440918,-0.012153970295460614,95.12837393021725
2026-09-21T11:19:04.486553-04:00,2026-09-21,2026-09-21T11:19:04.486553-04:00,LIVE_PROVISIONAL,GO_EARLY,GO_EARLY,1,OK,1,3,1,0,1,1,4,1,1,1,1,25.0,-41.84,-25.05,230.076568,2077.681448,0.6346545306305554,0.23416113426050364,50.59636992221262,11.767521889902085,86.05000305175781,1.3709884872436544,770.0599975585938,0.010988716000419618,2026-09-21T11:15:00-04:00,736.4000244140625,0.020722173337133665,2026-09-21T11:15:00-04:00,14.65999984741211,-0.010128330044198108,95.21066491112575
2026-09-21T11:29:09.813103-04:00,2026-09-21,2026-09-21T11:29:09.813103-04:00,LIVE_PROVISIONAL,GO_EARLY,GO_EARLY,1,OK,1,3,1,0,1,1,3,1,0,1,1,25.6,-41.84,-25.05,224.250856,1930.474561,0.67121560415196,0.29767416833725613,51.25021555440593,11.715744318467245,86.05999755859375,1.3709884872436544,769.8900146484375,0.010765550526786738,2026-09-21T11:25:00-04:00,736.5050048828125,0.020867686493934112,2026-09-21T11:25:00-04:00,14.720000267028809,-0.006076985147730363,95.44107965766952
2026-09-21T11:35:43.770563-04:00,2026-09-21,2026-09-21T11:35:43.770563-04:00,LIVE_PROVISIONAL,GO_EARLY,GO_EARLY,1,OK,1,3,1,0,1,1,3,0,1,1,1,25.4,-41.84,-25.05,289.07864300000006,2270.1939469999998,0.6123956992362989,0.23627270144993998,50.94762232942798,11.758731890970296,86.18000030517578,1.1382942810058596,769.9199829101562,0.01080489496037873,2026-09-21T11:35:00-04:00,736.4500122070312,0.020791461287958946,2026-09-21T11:35:00-04:00,14.760000228881836,-0.0033761100147327028,95.52337063857802
2026-09-21T11:44:10.223957-04:00,2026-09-21,2026-09-21T11:44:10.223957-04:00,LIVE_PROVISIONAL,GO_EARLY,GO_EARLY,0,DEGRADED,1,3,1,0,1,1,2,0,1,1,0,25.2,-41.84,-25.05,377.383031,2205.273077,0.551461170002988,0.2743708449674232,50.63807160581354,11.792290366023124,86.16999816894531,,,,,737.1599731445312,0.021775536311158472,2026-09-21T11:40:00-04:00,14.789999961853027,-0.0013504697634700857,92.85714285714286
2026-09-21T11:54:12.228612-04:00,2026-09-21,2026-09-21T11:54:12.228612-04:00,LIVE_PROVISIONAL,GO_EARLY,GO_EARLY,1,OK,1,3,1,0,1,1,3,1,0,1,1,25.8,-41.84,-25.05,353.134055,2229.600732,0.5934995098492414,0.285515294290448,51.30584192439863,11.740958164850198,86.4000015258789,1.1382942810058596,770.8200073242188,0.01198651006780782,2026-09-21T11:50:00-04:00,737.4400024414062,0.02216368419685666,2026-09-21T11:50:00-04:00,14.850000381469727,0.002700875132997549,95.78670177748518
2026-09-21T12:02:44.972908-04:00,2026-09-21,2026-09-21T12:02:44.972908-04:00,LIVE_PROVISIONAL,GO_EARLY,GO_EARLY,1,OK,1,3,1,0,1,1,3,0,1,1,1,25.2,-41.84,-25.05,379.84013500000003,2501.683229,0.5805410910222616,0.24463165222794017,50.480934386808656,11.756317322127273,86.48999786376953,1.1382942810058596,770.8400268554688,0.012012793111022102,2026-09-21T12:00:00-04:00,737.3800048828125,0.022080521735731606,2026-09-21T12:00:00-04:00,14.90999984741211,0.006752155635522783,95.81961816984858
2026-09-21T12:07:06.221373-04:00,2026-09-21,2026-09-21T12:07:06.221373-04:00,LIVE_PROVISIONAL,GO_EARLY,GO_EARLY,1,OK,1,3,1,0,1,1,3,0,1,1,1,24.8,-41.84,-25.05,433.686107,2633.675493,0.5507263271975401,0.23399096987776147,50.42074532028164,11.768783854204969,86.5,1.1382942810058596,770.8829956054688,0.012069205496457514,2026-09-21T12:05:00-04:00,737.4099731445312,0.022122060665957788,2026-09-21T12:05:00-04:00,14.949999809265137,0.009453030768520554,95.83607636603028
2026-09-21T12:18:53.057522-04:00,2026-09-21,2026-09-21T12:18:53.057522-04:00,LIVE_PROVISIONAL,GO_EARLY,GO_EARLY,1,OK,1,3,1,0,1,1,3,1,0,1,1,25.6,-41.84,-25.05,400.95486800000003,2714.847579,0.5932660795286882,0.23661503056318917,51.10691608031577,11.758073229161582,86.20999908447266,1.1382942810058596,771.52001953125,0.01290553513678283,2026-09-21T12:15:00-04:00,738.1500244140625,0.023147843820728875,2026-09-21T12:15:00-04:00,14.90999984741211,0.006752155635522783,95.90190915075708
2026-09-21T12:29:12.772374-04:00,2026-09-21,2026-09-21T12:29:12.772374-04:00,LIVE_PROVISIONAL,GO_EARLY,GO_EARLY,0,DEGRADED,1,3,1,0,1,1,1,0,0,1,0,25.4,-41.84,-25.05,503.0739869999999,2797.8427030000003,0.5359119350913959,0.2412415760720233,50.21660024259227,11.74502164602157,86.25,,,,,738.8099975585938,0.02406263089310312,2026-09-21T12:25:00-04:00,14.970000267028809,0.01080350053199064,94.98025016458196
2026-09-21T12:37:51.415548-04:00,2026-09-21,2026-09-21T12:37:51.415548-04:00,LIVE_PROVISIONAL,GO_EARLY,GO_EARLY,1,OK,1,3,1,0,1,1,4,1,1,1,1,25.6,-41.84,-25.05,534.40834,2863.678692,0.5342100110789785,0.2442696017301357,51.32819194515853,11.765957145673795,86.20999908447266,1.1382942810058596,772.3800048828125,0.01403458415778358,2026-09-21T12:35:00-04:00,739.0399780273438,0.024381406227303115,2026-09-21T12:35:00-04:00,15.010000228881836,0.013504375664988189,96.03357472021067
2026-09-21T12:48:33.027314-04:00,2026-09-21,2026-09-21T12:48:33.027314-04:00,LIVE_PROVISIONAL,GO_EARLY,GO_EARLY,1,OK,1,3,1,0,1,1,2,0,0,1,1,25.2,-41.84,-25.05,578.5082430000001,2826.9674919999998,0.5204154497285385,0.2651637774185754,50.35120781223231,11.739291080202705,86.36000061035156,1.1382942810058596,772.1500244140625,0.013732649685737286,2026-09-21T12:45:00-04:00,738.6500244140625,0.023840892530327507,2026-09-21T12:45:00-04:00,15.069999694824219,0.017555656167513423,96.06649111257406
2026-09-21T13:01:00.246703-04:00,2026-09-21,2026-09-21T13:01:00.246703-04:00,LIVE_PROVISIONAL,GO_EARLY,GO_EARLY,1,OK,1,3,1,0,1,1,3,0,1,1,1,25.2,-41.84,-25.05,617.281226,2928.479002,0.5100559502881442,0.26039768249941414,50.051317139924734,11.754875662902379,86.36000061035156,1.1382942810058596,772.4299926757812,0.014100211634589632,2026-09-21T13:00:00-04:00,738.9000854492188,0.02418750148579929,2026-09-21T13:00:00-04:00,15.079999923706055,0.018230891049248354,96.21461487820935
2026-09-21T13:08:59.309351-04:00,2026-09-21,2026-09-21T13:08:59.309351-04:00,LIVE_PROVISIONAL,GO_EARLY,GO_EARLY,1,OK,1,3,1,0,1,1,1,0,0,1,0,26.0,-41.84,-25.05,584.4171220000001,2943.201046,0.5331381263469137,0.2666567893437605,49.76911236531554,11.738282167538998,86.69999694824219,1.1735798778533924,772.3300170898438,0.013968956680977307,2026-09-21T13:05:00-04:00,738.7880249023438,0.024032174650981952,2026-09-21T13:05:00-04:00,15.039999961853027,0.015530015916250806,96.23107307439105
2026-09-21T13:15:24.453918-04:00,2026-09-21,2026-09-21T13:15:24.453918-04:00,LIVE_PROVISIONAL,GO_EARLY,GO_EARLY,1,OK,1,3,1,0,1,1,3,1,0,1,1,25.6,-41.84,-25.05,590.867321,3003.72145,0.5381071801417823,0.2649250348791094,50.324786324786324,11.737443089428254,86.66000366210938,1.0785948657989515,772.77880859375,0.014558161610105591,2026-09-21T13:15:00-04:00,739.0449829101562,0.024388343482453,2026-09-21T13:15:00-04:00,15.010000228881836,0.013504375664988189,96.28044766293614
2026-09-21T13:28:07.000020-04:00,2026-09-21,2026-09-21T13:28:07.000020-04:00,LIVE_PROVISIONAL,GO_EARLY,GO_EARLY,1,OK,1,3,1,0,1,1,2,1,0,1,0,26.0,-41.84,-25.05,620.414012,3058.7541199999996,0.5375088511493735,0.2686539148481435,50.40997608472839,11.727485431824434,85.73999786376953,1.0785948657989515,772.5800170898438,0.01429717419623766,2026-09-21T13:25:00-04:00,738.6851196289062,0.02388953791704851,2026-09-21T13:25:00-04:00,14.979999542236328,0.011478671019782949,96.34628044766293
2026-09-21T13:32:50.608778-04:00,2026-09-21,2026-09-21T13:32:50.608778-04:00,LIVE_PROVISIONAL,GO_EARLY,GO_EARLY,1,OK,1,3,1,0,1,1,2,0,1,1,0,25.8,-41.84,-25.05,634.945321,3162.7761100000007,0.5363127224687922,0.2614280360872882,49.93167065254527,11.733851994159906,85.93000030517578,1.0785948657989515,772.510009765625,0.014205263676217328,2026-09-21T13:30:00-04:00,738.8250122070312,0.024083442658552556,2026-09-21T13:30:00-04:00,15.050000190734863,0.016205250797985737,96.34628044766293
2026-09-21T13:44:26.629887-04:00,2026-09-21,2026-09-21T13:44:26.629887-04:00,LIVE_PROVISIONAL,GO_EARLY,GO_EARLY,1,OK,1,3,1,0,1,1,2,0,1,1,0,26.0,-41.84,-25.05,735.4910100000001,3175.172551,0.495257335346672,0.27016731307066744,48.83085850827786,11.748640677967671,85.97000122070312,1.0785948657989515,772.7999877929688,0.014585967146676815,2026-09-21T13:40:00-04:00,739.4550170898438,0.02495669080070062,2026-09-21T13:40:00-04:00,15.0,0.012829140783253035,96.42857142857143
2026-09-21T13:49:49.026300-04:00,2026-09-21,2026-09-21T13:49:49.026300-04:00,LIVE_PROVISIONAL,GO_EARLY,GO_EARLY,1,OK,1,3,1,0,1,1,2,1,0,1,0,26.2,-41.84,-25.05,729.374438,3375.307127,0.5063984467337399,0.24792633325713453,49.18144611186903,11.72694290834788,85.95999908447266,1.0785948657989515,772.760009765625,0.014533481191477682,2026-09-21T13:45:00-04:00,739.5499877929688,0.02508832944720152,2026-09-21T13:45:00-04:00,15.029999732971191,0.014854781034515652,96.51086240947993
2026-09-21T13:57:28.509815-04:00,2026-09-21,2026-09-21T13:57:28.509815-04:00,LIVE_PROVISIONAL,GO_EARLY,GO_EARLY,1,OK,1,3,1,0,1,1,1,0,0,1,0,25.8,-41.84,-25.05,696.111012,3411.570589,0.5305468086129037,0.24872080561242493,48.883966604191514,11.699881097813474,85.93000030517578,1.0785948657989515,772.8099975585938,0.014599108668283955,2026-09-21T13:55:00-04:00,739.5449829101562,0.025081392192051633,2026-09-21T13:55:00-04:00,14.989999771118164,0.012153905901518103,96.59315339038841
2026-09-21T14:05:48.565674-04:00,2026-09-21,2026-09-21T14:05:48.565674-04:00,LIVE_PROVISIONAL,GO_EARLY,GO_EARLY,1,OK,1,3,1,0,1,1,2,1,0,1,0,25.6,-41.84,-25.05,651.0898980000001,3395.228384,0.5612318890160038,0.2566462599474733,49.42939873956737,11.677446953993424,85.87999725341797,1.0785948657989515,773.260009765625,0.01518991622199839,2026-09-21T14:05:00-04:00,739.9000244140625,0.025573514304324085,2026-09-21T14:05:00-04:00,15.029999732971191,0.014854781034515652,96.62606978275181
2026-09-21T14:12:24.126113-04:00,2026-09-21,2026-09-21T14:12:24.126113-04:00,LIVE_PROVISIONAL,GO_EARLY,GO_EARLY,1,OK,1,3,1,0,1,1,3,1,1,1,0,26.2,-41.84,-25.05,659.011364,3368.702149,0.564820997873457,0.2676552138277027,50.212838413076796,11.687483841767403,86.08000183105469,1.2435788726806618,773.1500854492188,0.015045599878008131,2026-09-21T14:10:00-04:00,739.8800048828125,0.025545765283724764,2026-09-21T14:10:00-04:00,15.050000190734863,0.016205250797985737,96.6589861751152
2026-09-21T14:22:38.159348-04:00,2026-09-21,2026-09-21T14:22:38.159348-04:00,LIVE_PROVISIONAL,GO_EARLY,GO_EARLY,1,OK,1,3,1,0,1,1,3,1,1,1,0,25.8,-41.84,-25.05,774.1059040000001,3558.410766,0.5196820040894573,0.2534312754629499,50.638297872340424,11.695027759830438,86.12999725341797,1.2435788726806618,773.72998046875,0.015806926687697898,2026-09-21T14:20:00-04:00,740.530029296875,0.02644676244647215,2026-09-21T14:20:00-04:00,15.0600004196167,0.01688048567972089,96.6919025674786
2026-09-21T14:33:10.504163-04:00,2026-09-21,2026-09-21T14:33:10.504163-04:00,LIVE_PROVISIONAL,GO_EARLY,GO_EARLY,1,OK,1,3,1,0,1,1,3,1,1,1,0,27.2,-41.84,-25.05,702.9027130000001,3690.618015,0.5618880509229794,0.24561385312652712,51.25850340136054,11.732935890128886,85.9800033569336,1.2435788726806618,773.625,0.01566910097328189,2026-09-21T14:30:00-04:00,740.2000122070312,0.025989326609948682,2026-09-21T14:30:00-04:00,15.050000190734863,0.016205250797985737,96.7741935483871
2026-09-21T14:48:20.295674-04:00,2026-09-21,2026-09-21T14:48:20.295674-04:00,LIVE_PROVISIONAL,GO_EARLY,GO_EARLY,1,OK,1,3,1,0,1,1,3,1,1,1,0,26.2,-41.84,-25.05,737.1739409999999,3599.0950029999995,0.5544285023551221,0.2684658800326594,51.29947341600136,11.738060522709361,86.12999725341797,1.2435788726806618,774.1900024414062,0.016410875763019472,2026-09-21T14:45:00-04:00,740.9450073242188,0.027021962419196743,2026-09-21T14:45:00-04:00,15.010000228881836,0.013504375664988189,96.88940092165899
2026-09-21T15:00:44.988685-04:00,2026-09-21,2026-09-21T15:00:44.988685-04:00,LIVE_PROVISIONAL,GO_EARLY,GO_EARLY,1,OK,1,3,1,0,1,1,2,1,0,1,0,27.2,-41.84,-25.05,776.712147,3780.4606959999996,0.549077772835192,0.25918799544229687,51.9606178916992,11.725223529891025,86.08999633789062,1.2435788726806618,774.3060302734375,0.016563205229940925,2026-09-21T15:00:00-04:00,741.4299926757812,0.02769419936334616,2026-09-21T15:00:00-04:00,15.0,0.012829140783253035,96.95523370638578
2026-09-21T15:05:42.186968-04:00,2026-09-21,2026-09-21T15:05:42.186968-04:00,LIVE_PROVISIONAL,GO_EARLY,GO_EARLY,1,OK,1,3,1,0,1,1,3,1,1,1,0,27.4,-41.84,-25.05,706.2427339999999,3831.6996930000005,0.5626756705946601,0.24507469492550105,52.39226331862911,11.76012940434147,86.11000061035156,1.2435788726806618,774.0819702148438,0.01626904348713798,2026-09-21T15:05:00-04:00,741.0449829101562,0.027160538320847527,2026-09-21T15:05:00-04:00,15.010000228881836,0.013504375664988189,97.00460829493088
2026-09-21T15:19:22.050817-04:00,2026-09-21,2026-09-21T15:19:22.050817-04:00,LIVE_PROVISIONAL,GO_EARLY,GO_EARLY,1,OK,1,3,1,0,1,1,2,0,1,1,0,26.8,-41.84,-25.05,939.037287,4107.271398,0.5005585079232521,0.23451603436842638,51.95795897609764,11.774090971210072,86.13999938964844,1.2435788726806618,774.2650146484375,0.016509357043843487,2026-09-21T15:15:00-04:00,741.8137817382812,0.028226168392393447,2026-09-21T15:15:00-04:00,15.050000190734863,0.016205250797985737,97.08689927583937
2026-09-21T15:24:18.717236-04:00,2026-09-21,2026-09-21T15:24:18.717236-04:00,LIVE_PROVISIONAL,GO_EARLY,GO_EARLY,1,OK,1,3,1,0,1,1,3,1,1,1,0,26.8,-41.84,-25.05,954.3214449999999,4245.754798,0.5022757020702426,0.22594596307701098,52.42290748898679,11.800278006178061,86.1500015258789,1.2435788726806618,774.1649780273438,0.016378021959001732,2026-09-21T15:20:00-04:00,741.780029296875,0.02817938422046873,2026-09-21T15:20:00-04:00,15.029999732971191,0.014854781034515652,97.13627386438446
2026-09-21T15:35:49.099973-04:00,2026-09-21,2026-09-21T15:35:49.099973-04:00,LIVE_PROVISIONAL,GO_EARLY,GO_EARLY,1,OK,1,3,1,0,1,1,2,0,0,1,1,25.8,-41.84,-25.05,902.007128,4268.434574,0.5334923594283442,0.23012225005740142,51.49051490514905,11.785739981155203,86.52999877929688,1.1112102012634282,774.47998046875,0.01679157923347918,2026-09-21T15:30:00-04:00,742.5499877929688,0.029246621704793307,2026-09-21T15:35:00-04:00,15.0,0.012829140783253035,97.16919025674787
2026-09-21T15:47:33.489981-04:00,2026-09-21,2026-09-21T15:47:33.489981-04:00,LIVE_PROVISIONAL,GO_EARLY,GO_EARLY,1,OK,1,3,1,0,1,1,2,0,0,1,1,26.0,-41.84,-25.05,868.726173,4320.866358,0.5625639056902861,0.23489886138387187,51.4218009478673,11.781779377572008,86.37000274658203,1.1112102012634282,774.3800048828125,0.016660324279866634,2026-09-21T15:45:00-04:00,742.510009765625,0.029191208264267354,2026-09-21T15:45:00-04:00,14.890000343322754,0.00540175026599532,97.23502304147466
2026-09-21T15:52:37.812282-04:00,2026-09-21,2026-09-21T15:52:37.812282-04:00,LIVE_PROVISIONAL,GO_EARLY,GO_EARLY,1,OK,1,3,1,0,1,1,2,0,0,1,1,26.4,-41.84,-25.05,851.6205849999999,4242.812687,0.5752270787955478,0.25206922012528105,50.65989847715736,11.774218512312189,86.33000183105469,1.1112102012634282,773.9299926757812,0.016069516726151978,2026-09-21T15:50:00-04:00,741.8200073242188,0.02823479766099446,2026-09-21T15:50:00-04:00,14.869999885559082,0.004051280502525234,97.26793943383805
2026-09-21T15:57:26.283686-04:00,2026-09-21,2026-09-21T15:57:26.283686-04:00,LIVE_PROVISIONAL,GO_EARLY,GO_EARLY,1,OK,1,3,1,0,1,1,2,0,0,1,1,25.6,-41.84,-25.05,882.1957909999999,4263.559601999999,0.574067252562117,0.2547564818552821,49.60283927666047,11.755586080559269,86.30000305175781,1.1112102012634282,773.77001953125,0.015859492774126238,2026-09-21T15:55:00-04:00,741.6500244140625,0.027999184787919296,2026-09-21T15:55:00-04:00,14.850000381469727,0.002700875132997549,97.38314680710994
2026-09-21T16:02:34.914254-04:00,2026-09-21,2026-09-21T16:02:34.914254-04:00,CLOSE_SETTLING,GO_EARLY,GO_EARLY,1,OK,1,3,1,0,1,1,3,0,1,1,1,26.2,-41.84,-25.05,910.565034,4611.464962,0.5711252305608919,0.22622077069267624,48.885511651469095,11.764521806499303,86.29000091552734,1.1112102012634282,773.530029296875,0.015544416780473025,2026-09-21T15:55:00-04:00,741.4500122070312,0.02772194838394526,2026-09-21T15:55:00-04:00,14.859999656677246,0.00337604562079008,97.46543778801843
2026-09-21T16:07:40.000367-04:00,2026-09-21,2026-09-21T16:07:40.000367-04:00,CLOSE_SETTLING,GO_EARLY,GO_EARLY,1,OK,1,3,1,0,1,1,2,0,0,1,1,25.8,-41.84,-25.05,925.3843030000003,4318.258121,0.5720353750164335,0.26275887111635976,48.657774776295796,11.742855483525702,86.43000030517578,1.1112102012634282,773.530029296875,0.015544416780473025,2026-09-21T15:55:00-04:00,741.4500122070312,0.02772194838394526,2026-09-21T15:55:00-04:00,14.84000015258789,0.002025640251262617,97.48189598420012
2026-09-21T16:23:24.815414-04:00,2026-09-21,2026-09-21T16:23:24.815414-04:00,MARKET_CLOSED_FINAL,GO_EARLY,GO_EARLY,1,OK,1,3,1,0,1,1,1,0,0,1,0,25.8,-41.84,-25.05,826.3845649999998,4289.233738000001,0.6464543179502772,0.29790074832715446,48.548768140398245,11.662494508468711,86.11000061035156,1.1892199802398682,773.52001953125,0.015531275258865884,2026-09-21T15:55:00-04:00,741.4500122070312,0.02772194838394526,2026-09-21T15:55:00-04:00,14.800000190734863,-0.0006752348817350429,97.53127057274523
2026-09-21T16:32:43.365237-04:00,2026-09-21,2026-09-21T16:32:43.365237-04:00,MARKET_CLOSED_FINAL,GO_EARLY,GO_EARLY,1,OK,1,3,1,0,1,1,1,0,0,1,0,25.8,-41.84,-25.05,826.3846,4289.2337,0.646454305699084,0.2979007508697028,48.548768140398245,11.662494508468711,86.11000061035156,1.473602817535398,773.52001953125,0.015531275258865884,2026-09-21T15:55:00-04:00,741.4500122070312,0.02772194838394526,2026-09-21T15:55:00-04:00,14.859999656677246,0.00337604562079008,97.53127057274523
2026-09-21T16:45:08.501597-04:00,2026-09-21,2026-09-21T16:45:08.501597-04:00,MARKET_CLOSED_FINAL,GO_EARLY,GO_EARLY,1,OK,1,3,1,0,1,1,2,0,0,1,1,25.8,-41.84,-25.05,826.3846,4289.2337,0.646454305699084,0.2979007508697028,48.548768140398245,11.662494508468711,86.11000061035156,1.32197011756897,773.52001953125,0.015531275258865884,2026-09-21T15:55:00-04:00,741.4500122070312,0.02772194838394526,2026-09-21T15:55:00-04:00,14.859999656677246,0.00337604562079008,97.53127057274523
2026-09-22T09:45:52.353213-04:00,2026-09-22,2026-09-22T09:45:52.353213-04:00,LIVE_PROVISIONAL,GO_EARLY,GO_EARLY,0,DEGRADED,1,3,1,1,1,0,1,0,0,1,0,27.8,-28.48,-8.4,985.7151,4854.9688,0.6579210741578757,0.28335632413840867,60.06751389992057,11.741264592713435,84.9,,774.3400268554688,0.0010860075700953598,2026-09-22T09:45:00-04:00,744.4000244140625,0.003951682234897502,2026-09-22T09:45:00-04:00,14.670000076293945,-0.013449886402444822,82.88347597103358
2026-09-22T09:56:23.018899-04:00,2026-09-22,2026-09-22T09:56:23.018899-04:00,LIVE_PROVISIONAL,GO_EARLY,GO_EARLY,1,OK,1,3,1,1,1,0,2,0,1,1,0,28.2,-28.48,-8.4,49.29776,396.84684,0.5948216378462859,0.4421362173181103,59.103285532764566,11.837015581342698,84.88999938964844,1.056660575866697,773.9500122070312,0.0005817869515594154,2026-09-22T09:55:00-04:00,744.8400268554688,0.004545101333163881,2026-09-22T09:55:00-04:00,14.720000267028809,-0.010087398768304223,90.66820276497695
2026-09-22T10:00:54.873781-04:00,2026-09-22,2026-09-22T10:00:54.873781-04:00,LIVE_PROVISIONAL,GO_EARLY,GO_EARLY,1,OK,1,3,1,1,1,0,4,1,1,1,1,27.8,-28.48,-8.4,69.651973,531.6660810000001,0.5763522330498144,0.3860599866436144,59.73395649829229,12.22361108493996,84.7300033569336,0.8464728584289566,773.9199829101562,0.0005429643311651855,2026-09-22T10:00:00-04:00,744.8323974609375,0.004534811780204651,2026-09-22T10:00:00-04:00,14.710000038146973,-0.01075990912195579,91.55694535878868
2026-09-22T10:13:36.614442-04:00,2026-09-22,2026-09-22T10:13:36.614442-04:00,LIVE_PROVISIONAL,GO_EARLY,GO_EARLY,1,OK,1,3,1,1,1,0,3,1,0,1,1,28.8,-28.48,-8.4,27.417851000000013,515.992021,0.8628283706931686,0.4856131806810086,61.64798006762769,11.798136318722001,84.3499984741211,0.8464728584289566,774.4450073242188,0.001221728925945298,2026-09-22T10:10:00-04:00,746.1300048828125,0.006284858947515293,2026-09-22T10:10:00-04:00,14.619999885559082,-0.01681237403658531,92.47860434496378
2026-09-22T10:25:15.841687-04:00,2026-09-22,2026-09-22T10:25:15.841687-04:00,LIVE_PROVISIONAL,GO_EARLY,GO_EARLY,1,OK,1,3,1,1,1,0,2,0,1,1,0,27.8,-28.48,-8.4,63.842157000000014,754.8192620000001,0.7862733923300611,0.4444137373344598,58.668785310734464,12.13076345863766,83.61000061035156,1.0167973880767844,773.6699829101562,0.0002197581256060399,2026-09-22T10:25:00-04:00,745.4299926757812,0.005340771884397411,2026-09-22T10:25:00-04:00,14.4399995803833,-0.028917303865844235,93.21922317314022
2026-09-22T10:34:23.444695-04:00,2026-09-22,2026-09-22T10:34:23.444695-04:00,LIVE_PROVISIONAL,GO_EARLY,GO_EARLY,1,OK,1,4,1,1,1,1,2,0,1,1,0,27.6,-28.48,-8.4,119.641301,1119.447897,0.6913093491476245,0.33310419029466265,56.75818373812038,12.4075284056306,83.25,1.0167973880767844,773.9301147460938,0.0005560630201599803,2026-09-22T10:30:00-04:00,746.5,0.006783861107827693,2026-09-22T10:30:00-04:00,14.430000305175781,-0.029589750085378563,93.5154707044108
2026-09-22T10:46:43.291589-04:00,2026-09-22,2026-09-22T10:46:43.291589-04:00,LIVE_PROVISIONAL,GO_EARLY,GO_EARLY,1,OK,1,4,1,1,1,1,1,0,0,1,0,27.2,-28.48,-8.4,12.549060999999995,1216.5020279999999,0.968283900438944,0.3512024385160496,54.39733707077786,11.875478814453828,83.2300033569336,1.1098750705719,773.0900268554688,-0.0005300234577003682,2026-09-22T10:45:00-04:00,744.2520141601562,0.0037520649074878065,2026-09-22T10:45:00-04:00,14.4399995803833,-0.028917303865844235,93.94338380513496
2026-09-22T10:56:25.806557-04:00,2026-09-22,2026-09-22T10:56:25.806557-04:00,LIVE_PROVISIONAL,GO_EARLY,GO_EARLY,1,OK,1,4,1,1,1,1,1,0,0,1,0,26.2,-28.48,-8.4,0.17730399999999236,1267.841129,0.9996086736307623,0.38690552611508827,52.53142458100559,11.71779597216431,83.02999877929688,1.179874065399171,773.6199951171875,0.00015513266604716414,2026-09-22T10:55:00-04:00,745.1500244140625,0.0049631864490045086,2026-09-22T10:55:00-04:00,14.470000267028809,-0.026899772804889532,94.27254772876893
2026-09-22T11:05:52.593510-04:00,2026-09-22,2026-09-22T11:05:52.593510-04:00,LIVE_PROVISIONAL,GO_EARLY,GO_EARLY,1,OK,1,4,1,1,1,1,2,1,0,1,0,25.8,-28.48,-8.4,23.711337000000015,1269.0486130000002,0.953792169419855,0.41677208249156367,53.20781032078103,11.591847966495408,82.91999816894531,1.179874065399171,773.5299072265625,3.866480486425239e-05,2026-09-22T11:05:00-04:00,744.6950073242188,0.004349517510514378,2026-09-22T11:05:00-04:00,14.449999809265137,-0.028244793512192667,94.40421329822252
2026-09-22T11:18:19.153858-04:00,2026-09-22,2026-09-22T11:18:19.153858-04:00,LIVE_PROVISIONAL,GO_EARLY,GO_EARLY,1,OK,1,4,1,1,1,1,3,1,0,1,1,26.4,-28.48,-8.4,-0.3755310000000236,1388.623814,1.000677028896895,0.4100173724173656,53.77654020187957,11.498224900907275,82.76000213623047,1.0255711040496842,773.47998046875,-2.5881746929523608e-05,2026-09-22T11:15:00-04:00,744.989990234375,0.004747352786131032,2026-09-22T11:15:00-04:00,14.420000076293945,-0.03026226043903013,94.5687952600395
2026-09-22T11:27:57.228121-04:00,2026-09-22,2026-09-22T11:27:57.228121-04:00,LIVE_PROVISIONAL,GO_EARLY,GO_EARLY,1,OK,1,4,1,1,1,1,4,1,1,1,1,27.2,-28.48,-8.4,70.529403,1407.776338,0.891429515155993,0.4331439742668616,53.91561034901893,11.541023690180182,82.20999908447266,0.9324934215545644,773.5800170898438,0.00010344807995310568,2026-09-22T11:25:00-04:00,745.2249755859375,0.005064271017276134,2026-09-22T11:25:00-04:00,14.329999923706055,-0.03631472535365954,94.78275181040158
2026-09-22T11:40:15.979698-04:00,2026-09-22,2026-09-22T11:40:15.979698-04:00,LIVE_PROVISIONAL,GO_EARLY,GO_EARLY,1,OK,1,4,1,1,1,1,1,0,0,1,0,27.6,-28.48,-8.4,70.2472580000001,1768.2241800000002,0.9004344011831558,0.36923942740199833,52.69637593202705,10.689590260535795,82.06999969482422,0.9723566093444824,772.6500244140625,-0.0010988695357950773,2026-09-22T11:40:00-04:00,744.1099853515625,0.0035605145895982737,2026-09-22T11:40:00-04:00,14.300000190734863,-0.038332192280497,94.91441737985517
2026-09-22T11:45:50.836004-04:00,2026-09-22,2026-09-22T11:45:50.836004-04:00,LIVE_PROVISIONAL,GO_EARLY,GO_EARLY,0,DEGRADED,1,4,1,1,1,1,1,0,0,1,0,27.2,-28.48,-8.4,57.57503099999997,1867.8599149999998,0.9215459182418102,0.365469682768798,52.03410907798899,10.670526471521555,81.94000244140625,,,,,744.3499755859375,0.0038841827674847007,2026-09-22T11:45:00-04:00,14.3100004196167,-0.037659681926845434,92.64318630678078
2026-09-22T11:56:56.106773-04:00,2026-09-22,2026-09-22T11:56:56.106773-04:00,LIVE_PROVISIONAL,GO_EARLY,GO_EARLY,1,OK,1,4,1,1,1,1,2,1,0,1,0,27.2,-28.48,-8.4,28.67896799999994,1633.6674449999998,0.9624422508200987,0.44400185474086146,52.454199792602836,10.588630505222028,82.12000274658203,1.2246963100433397,772.7100219726562,-0.0010213032027714952,2026-09-22T11:55:00-04:00,744.0800170898438,0.0035200972255742258,2026-09-22T11:55:00-04:00,14.380000114440918,-0.03295223771951905,95.22712310730745
2026-09-22T12:03:59.811358-04:00,2026-09-22,2026-09-22T12:03:59.811358-04:00,LIVE_PROVISIONAL,GO_EARLY,GO_EARLY,1,OK,1,4,1,1,1,1,3,1,0,1,1,28.0,-28.48,-8.4,-26.8902599999999,1526.138686,1.0351703900835023,0.48141295160174913,52.772499568146486,10.560705025141246,82.11000061035156,1.213824531555177,772.97998046875,-0.0006722941580478148,2026-09-22T12:00:00-04:00,744.4393920898438,0.004004776328167203,2026-09-22T12:00:00-04:00,14.390000343322754,-0.03227972736586748,95.27649769585254
2026-09-22T12:09:10.935825-04:00,2026-09-22,2026-09-22T12:09:10.935825-04:00,LIVE_PROVISIONAL,GO_EARLY,GO_EARLY,1,OK,1,4,1,1,1,1,2,1,0,1,0,28.6,-28.48,-8.4,48.509987000000024,1724.2157559999998,0.9410875872376511,0.43757958722892204,53.072143596824304,10.555163476111787,82.08000183105469,1.218783588409425,773.3350219726562,-0.00021328768887363125,2026-09-22T12:05:00-04:00,744.9500122070312,0.004693435528624557,2026-09-22T12:05:00-04:00,14.380000114440918,-0.03295223771951905,95.35878867676104
2026-09-22T12:22:13.154527-04:00,2026-09-22,2026-09-22T12:22:13.154527-04:00,LIVE_PROVISIONAL,GO_EARLY,GO_EARLY,1,OK,1,4,1,1,1,1,2,0,1,1,0,29.0,-28.48,-8.4,37.57399299999997,1614.4757880000002,0.95706644657528,0.48436736267585584,52.943201376936315,10.579743194270023,81.83000183105469,1.242434474945067,773.135009765625,-0.00047186843487390107,2026-09-22T12:20:00-04:00,744.75,0.004423684608244605,2026-09-22T12:20:00-04:00,14.319999694824219,-0.036987235707311106,95.6221198156682
2026-09-22T12:31:01.117798-04:00,2026-09-22,2026-09-22T12:31:01.117798-04:00,LIVE_PROVISIONAL,GO_EARLY,GO_EARLY,1,OK,1,4,1,1,1,1,2,0,0,1,1,28.0,-28.48,-8.4,63.1570989999999,1653.3850990000003,0.9317683914049419,0.4841925750914757,52.793536187037994,10.558815207665418,81.80999755859375,0.7886807727813707,773.030029296875,-0.0006075897907239503,2026-09-22T12:30:00-04:00,744.2899780273438,0.0038032657230131495,2026-09-22T12:30:00-04:00,14.3100004196167,-0.037659681926845434,95.73732718894009
2026-09-22T12:42:40.975685-04:00,2026-09-22,2026-09-22T12:42:40.975685-04:00,LIVE_PROVISIONAL,GO_EARLY,GO_EARLY,1,OK,1,4,1,1,1,1,3,1,1,1,0,28.8,-28.48,-8.4,22.358157000000006,1550.514731,0.9763162832549878,0.5169270422877915,53.580628541988666,10.570489488753381,81.55000305175781,1.1398201446533196,772.8350219726562,-0.0008597000999919224,2026-09-22T12:40:00-04:00,744.2349853515625,0.0037290986252827008,2026-09-22T12:40:00-04:00,14.270000457763672,-0.040349659207334354,95.83607636603028
2026-09-22T12:53:04.144714-04:00,2026-09-22,2026-09-22T12:53:04.144714-04:00,LIVE_PROVISIONAL,GO_EARLY,GO_EARLY,1,OK,1,4,1,1,1,1,2,1,0,1,0,28.8,-28.48,-8.4,61.117374999999925,1628.571989,0.9393970904923653,0.5104567825460212,54.25240054869685,10.565337152454688,81.81999969482422,1.1398201446533196,773.5999145507812,0.00012917201135254075,2026-09-22T12:50:00-04:00,745.260009765625,0.005111520644465184,2026-09-22T12:50:00-04:00,14.260000228881836,-0.04102216956098592,95.98420013166556
2026-09-22T12:59:45.823809-04:00,2026-09-22,2026-09-22T12:59:45.823809-04:00,LIVE_PROVISIONAL,GO_EARLY,GO_EARLY,1,OK,1,4,1,1,1,1,2,0,1,1,0,29.4,-28.48,-8.4,114.89089899999999,1656.0834589999997,0.8906070557169516,0.5093675243949616,54.101729748244566,10.577719622985484,81.66999816894531,1.1638524971008326,773.5999755859375,0.00012925091911775155,2026-09-22T12:55:00-04:00,745.3300170898438,0.005205937582419384,2026-09-22T12:55:00-04:00,14.260000228881836,-0.04102216956098592,96.09940750493746
2026-09-22T13:06:13.058323-04:00,2026-09-22,2026-09-22T13:06:13.058323-04:00,LIVE_PROVISIONAL,GO_EARLY,GO_EARLY,1,OK,1,4,1,1,1,1,4,1,1,1,1,29.4,-28.48,-8.4,54.43180400000006,1660.3546939999999,0.9479056051794341,0.5125688758803191,54.10818212940774,10.579536553595162,81.72000122070312,0.933637819290159,773.5059814453125,7.732960972894887e-06,2026-09-22T13:05:00-04:00,745.4450073242188,0.005361021724621162,2026-09-22T13:05:00-04:00,14.25,-0.04169467991463749,96.14878209348255
2026-09-22T13:11:15.685718-04:00,2026-09-22,2026-09-22T13:11:15.685718-04:00,LIVE_PROVISIONAL,GO_EARLY,GO_EARLY,1,OK,1,4,1,1,1,1,3,0,1,1,1,29.2,-28.48,-8.4,161.287101,1844.9811600000003,0.8572284564831657,0.48397699108611963,53.08008213552361,10.627827404525874,81.68000030517578,0.8415138015747059,773.2999877929688,-0.0002585807460002698,2026-09-22T13:10:00-04:00,745.25,0.005098020750982535,2026-09-22T13:10:00-04:00,14.279999732971191,-0.03967721298780014,96.18169848584596
2026-09-22T13:28:42.424219-04:00,2026-09-22,2026-09-22T13:28:42.424219-04:00,LIVE_PROVISIONAL,GO_EARLY,GO_EARLY,1,OK,1,4,1,1,1,1,2,0,0,1,1,28.8,-28.48,-8.4,119.87084899999991,1842.589279,0.8973568384582685,0.49869363292430063,52.70893864296701,10.618778627104177,82.02999877929688,0.7631225566864019,773.4779052734375,-2.85646109405846e-05,2026-09-22T13:25:00-04:00,745.5599975585938,0.005516105866823162,2026-09-22T13:25:00-04:00,14.270000457763672,-0.040349659207334354,96.29690585911784
2026-09-22T13:40:50.618239-04:00,2026-09-22,2026-09-22T13:40:50.618239-04:00,LIVE_PROVISIONAL,GO_EARLY,GO_EARLY,1,OK,1,4,1,1,1,1,2,1,0,1,0,28.6,-28.48,-8.4,6.132408999999825,1876.924501,0.9945346792124407,0.49608441681040766,53.22856166723608,10.61679423721408,82.05000305175781,0.7631225566864019,773.2000122070312,-0.00038783166511802136,2026-09-22T13:35:00-04:00,744.9450073242188,0.004686685581883232,2026-09-22T13:40:00-04:00,14.289999961853027,-0.03900470263414857,96.34628044766293
2026-09-22T13:46:15.411252-04:00,2026-09-22,2026-09-22T13:46:15.411252-04:00,LIVE_PROVISIONAL,GO_EARLY,GO_EARLY,1,OK,1,4,1,1,1,1,2,1,0,1,0,28.8,-28.48,-8.4,9.551139000000148,1892.477586,0.9919287951652652,0.5025511928087448,53.423254225712824,10.590952694744772,82.16999816894531,0.8649739551544217,773.52001953125,2.588174692963463e-05,2026-09-22T13:45:00-04:00,745.4600219726562,0.005381271564845136,2026-09-22T13:45:00-04:00,14.270000457763672,-0.040349659207334354,96.39565503620803
2026-09-22T13:52:33.167421-04:00,2026-09-22,2026-09-22T13:52:33.167421-04:00,LIVE_PROVISIONAL,GO_EARLY,GO_EARLY,1,OK,1,4,1,1,1,1,3,1,1,1,0,28.8,-28.48,-8.4,20.392995999999812,2059.150151,0.9829624114740017,0.47494836996083023,53.79757637822154,10.597358017549368,82.19999694824219,0.8649739551544217,773.6099853515625,0.00014219179258234682,2026-09-22T13:50:00-04:00,745.5399780273438,0.005489106079858086,2026-09-22T13:50:00-04:00,14.260000228881836,-0.04102216956098592,96.42857142857143
2026-09-22T13:58:44.503903-04:00,2026-09-22,2026-09-22T13:58:44.503903-04:00,LIVE_PROVISIONAL,GO_EARLY,GO_EARLY,1,OK,1,4,1,1,1,1,4,1,1,1,1,29.2,-28.48,-8.4,62.91871900000001,2053.4491340000004,0.9494788257384871,0.4824191892411487,55.330035817840695,10.617061498679405,82.22000122070312,0.7495805168151861,774.1099853515625,0.000788604203700638,2026-09-22T13:55:00-04:00,745.919921875,0.006001525817229236,2026-09-22T13:55:00-04:00,14.239999771118164,-0.04236719026828906,96.49440421329822
2026-09-22T14:04:22.247251-04:00,2026-09-22,2026-09-22T14:04:22.247251-04:00,LIVE_PROVISIONAL,GO_EARLY,GO_EARLY,1,OK,1,4,1,1,1,1,3,1,1,1,0,29.4,-28.48,-8.4,62.812284999999974,2070.287803,0.949837320345706,0.47889515734859717,56.09548167092924,10.642323274741258,82.23999786376953,0.8029857444763187,773.8800048828125,0.000491279745071127,2026-09-22T14:00:00-04:00,745.739990234375,0.005758857000238038,2026-09-22T14:00:00-04:00,14.229999542236328,-0.043039700621940624,96.52732060566161
2026-09-22T14:09:41.767909-04:00,2026-09-22,2026-09-22T14:09:41.767909-04:00,LIVE_PROVISIONAL,GO_EARLY,GO_EARLY,1,OK,1,4,1,1,1,1,3,1,1,1,0,29.4,-28.48,-8.4,119.6768320000001,1960.894822,0.9091713923167835,0.5074237690155711,56.407634628493525,10.646786650793615,82.16999816894531,0.9906669731140114,774.1099853515625,0.000788604203700638,2026-09-22T14:05:00-04:00,746.1199951171875,0.006271359054032866,2026-09-22T14:05:00-04:00,14.210000038146973,-0.04438465719512641,96.57669519420672
2026-09-22T14:25:14.405075-04:00,2026-09-22,2026-09-22T14:25:14.405075-04:00,LIVE_PROVISIONAL,GO_EARLY,GO_EARLY,1,OK,1,4,1,1,1,1,2,0,1,1,0,29.4,-28.48,-8.4,180.74471500000004,2475.813701,0.8739136950455824,0.4253771497336984,56.030664395229984,10.773283842819865,82.20999908447266,0.9906669731140114,774.3099975585938,0.0010471849497011299,2026-09-22T14:25:00-04:00,746.8400268554688,0.007242445904115824,2026-09-22T14:25:00-04:00,14.300000190734863,-0.038332192280497,96.60961158657011
2026-09-22T14:37:00.992236-04:00,2026-09-22,2026-09-22T14:37:00.992236-04:00,LIVE_PROVISIONAL,GO_EARLY,GO_EARLY,1,OK,1,4,1,1,1,1,3,0,1,1,1,29.2,-28.48,-8.4,171.639089,2786.3369930000003,0.8830429218155935,0.3900523991249157,55.21879788864294,10.798940153283667,82.01000213623047,0.9090332679748527,773.8900146484375,0.0005042206185359444,2026-09-22T14:35:00-04:00,746.2109985351562,0.006394092841730981,2026-09-22T14:35:00-04:00,14.289999961853027,-0.03900470263414857,96.6589861751152
2026-09-22T14:51:23.275365-04:00,2026-09-22,2026-09-22T14:51:23.275365-04:00,LIVE_PROVISIONAL,GO_EARLY,GO_EARLY,1,OK,1,4,1,1,1,1,2,0,0,1,1,29.0,-28.48,-8.4,135.03121099999998,2503.851028,0.9104239665758178,0.44387934384633937,55.062106516930406,10.7872912039401,81.88999938964844,0.7612152271270753,774.1599731445312,0.0008532296632595138,2026-09-22T14:50:00-04:00,746.3900756835938,0.006635609228790695,2026-09-22T14:50:00-04:00,14.279999732971191,-0.03967721298780014,96.724818959842
2026-09-22T14:56:50.151887-04:00,2026-09-22,2026-09-22T14:56:50.151887-04:00,LIVE_PROVISIONAL,GO_EARLY,GO_EARLY,1,OK,1,4,1,1,1,1,1,0,0,1,0,29.8,-28.48,-8.4,76.32010700000001,2477.1254250000006,0.9496442351396172,0.45603203103326595,54.797550187138484,10.767725313078955,81.91999816894531,0.8468543243408205,773.9299926757812,0.0005559052046300028,2026-09-22T14:55:00-04:00,746.239990234375,0.006433193142975968,2026-09-22T14:55:00-04:00,14.25,-0.04169467991463749,96.7412771560237
2026-09-22T15:11:05.964745-04:00,2026-09-22,2026-09-22T15:11:05.964745-04:00,LIVE_PROVISIONAL,GO_EARLY,GO_EARLY,1,OK,1,4,1,1,1,1,2,1,0,1,0,29.8,-28.48,-8.4,94.72359899999992,2378.726247,0.9394048366529246,0.4736733086653845,55.1284232012247,10.755351680782226,81.91999816894531,0.8468543243408205,773.9600219726562,0.0005947278250242327,2026-09-22T15:10:00-04:00,746.7550048828125,0.007127779125937872,2026-09-22T15:10:00-04:00,14.210000038146973,-0.04438465719512641,96.7577353522054
2026-09-22T15:15:38.235426-04:00,2026-09-22,2026-09-22T15:15:38.235426-04:00,LIVE_PROVISIONAL,GO_EARLY,GO_EARLY,1,OK,1,4,1,1,1,1,2,1,0,1,0,29.8,-28.48,-8.4,248.77911500000005,2622.0394349999997,0.8518744424767403,0.44881381425426325,55.21347167885695,10.751608454900875,82.04000091552734,0.8756550006866468,774.0800170898438,0.0007498604910713969,2026-09-22T15:15:00-04:00,746.8599853515625,0.007269363374657223,2026-09-22T15:15:00-04:00,14.220000267028809,-0.04371214684147484,96.7577353522054
2026-09-22T15:27:50.019999-04:00,2026-09-22,2026-09-22T15:27:50.019999-04:00,LIVE_PROVISIONAL,GO_EARLY,GO_EARLY,1,OK,1,4,1,1,1,1,3,1,1,1,0,29.8,-28.48,-8.4,299.36050699999987,2868.5661299999997,0.829965078796404,0.4194263600953603,55.245706512497875,10.767125560650939,82.08000183105469,0.9132293930053714,774.3900146484375,0.0011506330296542355,2026-09-22T15:25:00-04:00,747.155029296875,0.007667280966697776,2026-09-22T15:25:00-04:00,14.199999809265137,-0.04505716754877798,96.79065174456879
2026-09-22T15:33:17.317711-04:00,2026-09-22,2026-09-22T15:33:17.317711-04:00,LIVE_PROVISIONAL,GO_EARLY,GO_EARLY,1,OK,1,4,1,1,1,1,2,1,0,1,0,30.0,-28.48,-8.4,165.9682389999998,2601.3000620000003,0.9037105920001757,0.46652701950962094,55.49132947976879,10.747669235344304,82.08000183105469,0.9174255180358887,774.719970703125,0.001577208407401498,2026-09-22T15:30:00-04:00,747.6199951171875,0.008294367482246878,2026-09-22T15:30:00-04:00,14.1899995803833,-0.045729677902429544,96.8071099407505
2026-09-22T15:45:02.554310-04:00,2026-09-22,2026-09-22T15:45:02.554310-04:00,LIVE_PROVISIONAL,GO_EARLY,GO_EARLY,1,OK,1,4,1,1,1,1,3,1,1,1,0,30.4,-28.48,-8.4,260.49150699999996,2786.4308909999995,0.8566818389502247,0.446006881434407,55.883851248089655,10.76668423864092,82.08999633789062,0.9479427909851081,774.5399780273438,0.0013445094083306408,2026-09-22T15:45:00-04:00,747.6199951171875,0.008294367482246878,2026-09-22T15:45:00-04:00,14.210000038146973,-0.04438465719512641,96.9223173140224
2026-09-22T15:48:20.508746-04:00,2026-09-22,2026-09-22T15:48:20.508746-04:00,LIVE_PROVISIONAL,GO_EARLY,GO_EARLY,1,OK,1,4,1,1,1,1,3,1,1,1,0,29.8,-28.48,-8.4,285.874945,3175.6208299999994,0.8472383660195895,0.400862221113997,55.9667289085045,10.770659263071039,81.98999786376953,0.9570979728698705,774.6500244140625,0.0014867801086779764,2026-09-22T15:45:00-04:00,747.7349853515625,0.008449451624448878,2026-09-22T15:45:00-04:00,14.199999809265137,-0.04505716754877798,96.95523370638578
2026-09-22T16:01:45.991236-04:00,2026-09-22,2026-09-22T16:01:45.991236-04:00,CLOSE_SETTLING,GO_EARLY,GO_EARLY,1,OK,1,4,1,1,1,1,3,0,1,1,1,29.8,-28.48,-8.4,489.6316959999997,3418.125355,0.761943366020706,0.38082794532093867,53.822681810476354,10.856856741871326,82.08000183105469,0.8272088298797609,773.4400024414062,-7.756633302358207e-05,2026-09-22T15:55:00-04:00,747.4650268554688,0.008085366082538403,2026-09-22T15:55:00-04:00,14.220000267028809,-0.04371214684147484,97.08689927583937
2026-09-22T16:17:22.886587-04:00,2026-09-22,2026-09-22T16:17:22.886587-04:00,MARKET_CLOSED_FINAL,GO_EARLY,GO_EARLY,1,OK,1,4,1,1,1,1,2,0,0,1,1,28.8,-28.48,-8.4,112.18615999999975,3352.1972440000004,0.945648347305614,0.4203608853144265,53.50253807106599,10.772550132224168,82.86000061035156,0.7488175849914527,773.4400024414062,-7.756633302358207e-05,2026-09-22T15:55:00-04:00,747.4650268554688,0.008085366082538403,2026-09-22T15:55:00-04:00,14.279999732971191,-0.03967721298780014,97.26793943383805
2026-09-22T16:26:23.368636-04:00,2026-09-22,2026-09-22T16:26:23.368636-04:00,MARKET_CLOSED_FINAL,GO_EARLY,GO_EARLY,1,OK,1,4,1,1,1,1,2,0,0,1,1,28.8,-28.48,-8.4,-47.86796000000004,3416.6215869999996,1.0225566590097517,0.4230275773389524,53.21023208538031,10.75712451351015,82.86000061035156,0.6835869140625006,773.4400024414062,-7.756633302358207e-05,2026-09-22T15:55:00-04:00,747.4650268554688,0.008085366082538403,2026-09-22T15:55:00-04:00,14.25,-0.04169467991463749,97.15273206056617
2026-09-22T16:37:04.149546-04:00,2026-09-22,2026-09-22T16:37:04.149546-04:00,MARKET_CLOSED_FINAL,GO_EARLY,GO_EARLY,1,OK,1,4,1,1,1,1,1,0,0,1,0,28.8,-28.48,-8.4,-47.86796000000004,3416.6215869999996,1.0225566590097517,0.4230275773389524,53.21023208538031,10.75712451351015,82.86000061035156,0.6835869140625006,773.4400024414062,-7.756633302358207e-05,2026-09-22T15:55:00-04:00,747.4650268554688,0.008085366082538403,2026-09-22T15:55:00-04:00,14.210000038146973,-0.04438465719512641,97.15273206056617
2026-09-23T09:44:48.335016-04:00,2026-09-23,2026-09-23T09:44:48.335016-04:00,LIVE_PROVISIONAL,GO_EARLY,GO_EARLY,0,DEGRADED,1,2,1,1,0,0,0,0,0,0,0,29.0,-23.64,4.04,-57.2704,3589.4539,1.022227539406839,0.4401596520788132,46.6078431372549,10.76526018184805,84.11,,771.9149780273438,-0.002049155750040388,2026-09-23T09:40:00-04:00,744.7896118164062,0.004477107967209015,2026-09-23T09:40:00-04:00,14.279999732971191,-0.03967721298780014,83.9506172839506
2026-09-23T09:55:29.037199-04:00,2026-09-23,2026-09-23T09:55:29.037199-04:00,LIVE_PROVISIONAL,GO_EARLY,GO_EARLY,0,DEGRADED,1,3,1,1,1,0,1,0,0,1,0,27.6,-23.64,4.04,-42.82508800000001,387.079593,1.7165669537702908,0.5169497907977204,44.41822472318025,9.934763753349202,84.11000061035156,,770.6799926757812,-0.003645775467639001,2026-09-23T09:55:00-04:00,743.0599975585938,0.002144425153133289,2026-09-23T09:55:00-04:00,14.1899995803833,-0.045729677902429544,90.68312757201646
2026-09-23T10:07:03.148844-04:00,2026-09-23,2026-09-23T10:07:03.148844-04:00,LIVE_PROVISIONAL,GO_EARLY,GO_EARLY,0,DEGRADED,1,3,1,1,1,0,1,0,0,1,0,29.2,-23.64,4.04,-102.38487500000001,248.2680170000001,1.949686303070077,0.7272005395299344,43.949730700179536,9.853855577919319,84.7699966430664,,770.4099731445312,-0.00399486342012767,2026-09-23T10:05:00-04:00,742.1799926757812,0.0009575869566005313,2026-09-23T10:05:00-04:00,14.34000015258789,-0.03564221500000797,91.6872427983539
2026-09-23T10:13:50.688001-04:00,2026-09-23,2026-09-23T10:13:50.688001-04:00,LIVE_PROVISIONAL,GO_EARLY,GO_EARLY,0,DEGRADED,1,3,1,1,1,0,0,0,0,0,0,30.8,-23.64,4.04,-143.428746,252.62590999999998,2.159391830900459,0.7444456027175008,43.75335120643432,9.808892784055999,85.66000366210938,,769.52001953125,-0.005145417542016806,2026-09-23T10:10:00-04:00,740.0750122070312,-0.0018813418630708734,2026-09-23T10:10:00-04:00,14.40999984741211,-0.0309347707926817,92.09876543209876
2026-09-23T10:27:16.236779-04:00,2026-09-23,2026-09-23T10:27:16.236779-04:00,LIVE_PROVISIONAL,GO_EARLY,GO_EARLY,0,DEGRADED,1,3,1,1,1,0,0,0,0,0,0,32.4,-23.64,4.04,-182.93722100000002,109.45107500000006,1.9710998853193984,0.9017316447834766,43.65473236440978,9.788539187358822,86.88999938964844,,768.4199829101562,-0.006567572191136017,2026-09-23T10:25:00-04:00,738.3499755859375,-0.004207850945371239,2026-09-23T10:25:00-04:00,14.6899995803833,-0.012104929829258926,92.8724279835391
2026-09-23T10:41:00.703256-04:00,2026-09-23,2026-09-23T10:41:00.703256-04:00,LIVE_PROVISIONAL,GO_EARLY,GO_EARLY,1,OK,1,3,1,1,1,0,0,0,0,0,0,30.4,-23.64,4.04,-247.76605400000003,-228.43227500000012,1.9895149166627426,1.196882794372188,43.018136995949995,9.78504539043503,87.4000015258789,1.5481794033050542,769.135009765625,-0.0056431677238203415,2026-09-23T10:40:00-04:00,739.7899780273438,-0.0022657595616287773,2026-09-23T10:40:00-04:00,14.800000190734863,-0.004707444207326383,93.48148148148148
2026-09-23T10:51:23.465762-04:00,2026-09-23,2026-09-23T10:51:23.465762-04:00,LIVE_PROVISIONAL,GO_EARLY,GO_EARLY,1,OK,1,3,1,1,1,0,2,0,0,1,1,30.0,-23.64,4.04,-333.11423,-321.91531899999995,2.2936413861439786,1.2673556026519566,41.37870549026486,9.736541506514826,87.1500015258789,1.459488578796389,769.0700073242188,-0.005727204493576221,2026-09-23T10:50:00-04:00,740.2197265625,-0.001686169622539646,2026-09-23T10:50:00-04:00,14.59000015258789,-0.01882984096342266,93.84362139917695
2026-09-23T11:02:14.553047-04:00,2026-09-23,2026-09-23T11:02:14.553047-04:00,LIVE_PROVISIONAL,GO_EARLY,GO_EARLY,1,OK,1,3,1,1,1,0,2,1,0,1,0,30.6,-23.64,4.04,-392.27306500000003,-309.9040359999999,2.284244304723679,1.230128876990347,42.34800838574424,9.726440222723795,86.62999725341797,1.459488578796389,769.9642944335938,-0.004571047920370108,2026-09-23T11:00:00-04:00,742.3699951171875,0.0012138379834978341,2026-09-23T11:00:00-04:00,14.670000076293945,-0.013449886402444822,94.22222222222221
2026-09-23T11:07:25.281336-04:00,2026-09-23,2026-09-23T11:07:25.281336-04:00,LIVE_PROVISIONAL,GO_EARLY,GO_EARLY,1,OK,1,3,1,1,1,0,2,1,0,1,0,30.2,-23.64,4.04,-467.135318,-323.9771860000001,2.620353198497025,1.2354842089432654,42.483432159051276,9.719895038454283,86.58000183105469,1.459488578796389,769.7349853515625,-0.00486750439358441,2026-09-23T11:05:00-04:00,742.0,0.0007148358231856555,2026-09-23T11:05:00-04:00,14.609999656677246,-0.017484884390236877,94.38683127572017
2026-09-23T11:21:32.454957-04:00,2026-09-23,2026-09-23T11:21:32.454957-04:00,LIVE_PROVISIONAL,GO_EARLY,GO_EARLY,1,OK,1,3,1,1,1,0,4,1,1,1,1,30.2,-23.64,4.04,-469.20649599999996,-251.93812100000014,2.3314326912403627,1.1638187210517632,43.54782608695652,9.74098404820242,86.0999984741211,1.3671738281250039,769.625,-0.005009696186166757,2026-09-23T11:20:00-04:00,741.7899780273438,0.00043158500932305444,2026-09-23T11:20:00-04:00,14.539999961853027,-0.02219232859756326,94.65020576131687
2026-09-23T11:28:40.516449-04:00,2026-09-23,2026-09-23T11:28:40.516449-04:00,LIVE_PROVISIONAL,GO_EARLY,GO_EARLY,1,OK,1,3,1,1,1,0,3,1,1,1,0,30.8,-23.64,4.04,-469.956278,-396.04986699999995,2.1381569635409567,1.2513380654814388,43.796633697726875,9.795207930325674,86.05000305175781,1.3671738281250039,769.280029296875,-0.005455682874111134,2026-09-23T11:25:00-04:00,741.6699829101562,0.00026975092037995196,2026-09-23T11:25:00-04:00,14.59000015258789,-0.01882984096342266,94.8641975308642
2026-09-23T11:41:27.374404-04:00,2026-09-23,2026-09-23T11:41:27.374404-04:00,LIVE_PROVISIONAL,GO_EARLY,GO_EARLY,1,OK,1,3,1,1,1,0,2,0,1,1,0,31.0,-23.64,4.04,-481.332662,-342.17694200000005,2.0818007910629874,1.2038236254030295,42.8200242508228,9.952318088087978,85.9000015258789,1.4699788913726808,768.89501953125,-0.00595343305591467,2026-09-23T11:40:00-04:00,741.0900268554688,-0.0005124197373711503,2026-09-23T11:40:00-04:00,14.579999923706055,-0.01950235131707423,95.02880658436213
2026-09-23T11:52:52.857385-04:00,2026-09-23,2026-09-23T11:52:52.857385-04:00,LIVE_PROVISIONAL,GO_EARLY,GO_EARLY,1,OK,1,3,1,1,1,0,0,0,0,0,0,31.4,-23.64,4.04,-574.222042,-473.21441800000025,2.2317861167674256,1.2787360784023427,42.607643091820854,9.931235777227101,86.12999725341797,1.4699788913726808,768.469970703125,-0.006502946731577253,2026-09-23T11:50:00-04:00,740.47998046875,-0.0013351723919934333,2026-09-23T11:50:00-04:00,14.729999542236328,-0.009414952548770006,95.19341563786008
2026-09-23T12:03:32.057614-04:00,2026-09-23,2026-09-23T12:03:32.057614-04:00,LIVE_PROVISIONAL,GO_EARLY,GO_EARLY,1,OK,1,3,1,1,1,0,0,0,0,0,0,30.8,-23.64,4.04,-588.117535,-506.3318159999999,2.1291474536813357,1.2905082271189614,41.99896426721906,9.906029289630254,86.12999725341797,1.4699788913726808,768.3049926757812,-0.006716234420450884,2026-09-23T12:00:00-04:00,740.3399047851562,-0.0015240885843254004,2026-09-23T12:00:00-04:00,14.729999542236328,-0.009414952548770006,95.35802469135803
2026-09-23T12:08:10.804589-04:00,2026-09-23,2026-09-23T12:08:10.804589-04:00,LIVE_PROVISIONAL,GO_EARLY,GO_EARLY,1,OK,1,3,1,1,1,0,1,0,1,0,0,30.0,-23.64,4.04,-597.8972730000002,-484.2119070000001,2.121326562718039,1.2647110965644466,41.6465308940283,9.910443702328863,86.19000244140625,1.4699788913726808,768.5800170898438,-0.006360676031229806,2026-09-23T12:05:00-04:00,740.6749877929688,-0.001072171418354806,2026-09-23T12:05:00-04:00,14.819999694824219,-0.0033624876341404875,95.37448559670781
2026-09-23T12:21:31.289159-04:00,2026-09-23,2026-09-23T12:21:31.289159-04:00,LIVE_PROVISIONAL,GO_EARLY,GO_EARLY,1,OK,1,3,1,1,1,0,1,1,0,0,0,30.4,-23.64,4.04,-643.4563590000001,-577.8523390000003,2.151562320587487,1.3119894302976527,41.933815925542916,9.894260933393483,86.30000305175781,1.4699788913726808,768.2000122070312,-0.006851955776300933,2026-09-23T12:20:00-04:00,740.10498046875,-0.0018409244990469364,2026-09-23T12:20:00-04:00,14.829999923706055,-0.00268997728048892,95.50617283950618
2026-09-23T12:33:24.941695-04:00,2026-09-23,2026-09-23T12:33:24.941695-04:00,LIVE_PROVISIONAL,GO_EARLY,GO_EARLY,1,OK,1,3,1,1,1,0,1,0,0,1,0,30.4,-23.64,4.04,-741.4879799999999,-619.3023820000001,2.3537636170675986,1.3266264619219827,41.833218470020675,9.884773273209348,86.11000061035156,1.4699788913726808,768.614990234375,-0.006315461881868156,2026-09-23T12:30:00-04:00,740.6699829101562,-0.0010789213650960194,2026-09-23T12:30:00-04:00,14.819999694824219,-0.0033624876341404875,95.53909465020575
2026-09-23T12:43:58.607885-04:00,2026-09-23,2026-09-23T12:43:58.607885-04:00,LIVE_PROVISIONAL,GO_EARLY,GO_EARLY,1,OK,1,3,1,1,1,0,1,1,0,0,0,30.6,-23.64,4.04,-737.02927,-741.5052789999997,2.2238658842919587,1.3945325172737182,41.86166551961459,9.879278253994656,86.16999816894531,1.4699788913726808,768.0050048828125,-0.007104066085568794,2026-09-23T12:40:00-04:00,739.739990234375,-0.0023331767126179015,2026-09-23T12:40:00-04:00,14.84000015258789,-0.0020174669268373524,95.67078189300412
2026-09-23T12:56:03.073336-04:00,2026-09-23,2026-09-23T12:56:03.073336-04:00,LIVE_PROVISIONAL,GO_EARLY,GO_EARLY,1,OK,1,3,1,1,1,0,2,0,1,1,0,30.2,-23.64,4.04,-663.194766,-671.495958,1.9916832216044285,1.3357534360005954,41.0146173688736,9.888014677510753,86.13999938964844,1.4699788913726808,767.0800170898438,-0.00829991326458468,2026-09-23T12:55:00-04:00,739.0689697265625,-0.003238163474490685,2026-09-23T12:55:00-04:00,14.880000114440918,0.0006725103536515675,95.7201646090535
2026-09-23T13:02:57.715102-04:00,2026-09-23,2026-09-23T13:02:57.715102-04:00,LIVE_PROVISIONAL,GO_EARLY,GO_EARLY,1,OK,1,3,1,1,1,0,0,0,0,0,0,28.8,-23.64,4.04,-808.262525,-790.0600950000003,2.283290191000285,1.3956202026621456,40.639504899432694,9.874465780159753,86.33999633789062,1.5575253181457556,766.719970703125,-0.008765390170491272,2026-09-23T13:00:00-04:00,738.6099853515625,-0.0038571829805196245,2026-09-23T13:00:00-04:00,14.920000076293945,0.0033624876341404875,95.75308641975309
2026-09-23T13:11:23.199257-04:00,2026-09-23,2026-09-23T13:11:23.199257-04:00,LIVE_PROVISIONAL,GO_EARLY,GO_EARLY,1,OK,1,3,1,1,1,0,0,0,0,0,0,29.2,-23.64,4.04,-836.6176370000001,-903.839868,2.30389728505865,1.4554396134609908,39.326807487549374,9.86393642290939,86.91000366210938,1.5575253181457556,767.1799926757812,-0.008170662345467039,2026-09-23T13:10:00-04:00,738.8900146484375,-0.003479515228703045,2026-09-23T13:10:00-04:00,15.180000305175781,0.020847372024377364,95.85185185185185
2026-09-23T13:18:05.594699-04:00,2026-09-23,2026-09-23T13:18:05.594699-04:00,LIVE_PROVISIONAL,GO_EARLY,GO_EARLY,1,OK,1,3,1,1,1,0,1,1,0,0,0,29.2,-23.64,4.04,-932.283511,-1010.111715,2.472308189980205,1.511391272514896,39.39914163090129,9.840315220962566,87.56999969482422,1.5575253181457556,767.3499755859375,-0.007950904219861,2026-09-23T13:15:00-04:00,739.4190063476562,-0.0027660787847197943,2026-09-23T13:15:00-04:00,15.25,0.025554816231703636,95.88477366255144
2026-09-23T13:27:59.926164-04:00,2026-09-23,2026-09-23T13:27:59.926164-04:00,LIVE_PROVISIONAL,GO_EARLY,GO_EARLY,1,OK,1,3,1,1,1,0,1,1,0,0,0,29.6,-23.64,4.04,-1083.777218,-1408.164413,2.7749492449325435,1.7549716686290449,39.78052126200274,9.800990180250295,87.86000061035156,1.5575253181457556,767.2849731445312,-0.00803494098961699,2026-09-23T13:25:00-04:00,739.139892578125,-0.0031425117901813238,2026-09-23T13:25:00-04:00,15.449999809265137,0.03900470263414846,96.0
2026-09-23T13:38:16.498426-04:00,2026-09-23,2026-09-23T13:38:16.498426-04:00,LIVE_PROVISIONAL,GO_EARLY,GO_EARLY,1,OK,1,3,1,1,1,0,2,0,1,1,0,29.6,-23.64,4.04,-1076.8676729999997,-1471.795924,2.6458062971591567,1.7726464082116151,39.38719616569668,9.80843885635386,87.62999725341797,1.5575253181457556,767.5499877929688,-0.007692323473860729,2026-09-23T13:35:00-04:00,739.5800170898438,-0.00254892805906759,2026-09-23T13:35:00-04:00,15.260000228881836,0.026227326585355204,96.16460905349794
2026-09-23T13:46:24.374575-04:00,2026-09-23,2026-09-23T13:46:24.374575-04:00,LIVE_PROVISIONAL,GO_EARLY,GO_EARLY,1,OK,1,3,1,1,1,0,2,1,1,0,0,29.8,-23.64,4.04,-1073.241525,-1245.688878,2.540768401345646,1.6008193885631683,39.756974157111074,9.82837531077,88.30000305175781,1.5575253181457556,768.739990234375,-0.0061538587790885835,2026-09-23T13:45:00-04:00,740.9000244140625,-0.0007686707642684532,2026-09-23T13:45:00-04:00,15.390000343322754,0.03496976878047375,96.18106995884773
